Date,Mean,Climatology,Anomaly
2002-07-04,NaN,0.003205,NaN
2002-07-05,NaN,0.003201,NaN
2002-07-06,NaN,0.003198,NaN
2002-07-07,NaN,0.003194,NaN
2002-07-08,NaN,0.003191,NaN
2002-07-09,NaN,0.003188,NaN
2002-07-10,NaN,0.003184,NaN
2002-07-11,NaN,0.003181,NaN
2002-07-12,NaN,0.003177,NaN
2002-07-13,0.003286,0.003174,0.000112
2002-07-15,0.005430,0.003167,0.002263
2002-07-16,0.002546,0.003160,-0.000614
2002-07-17,0.004998,0.003154,0.001844
2002-07-18,NaN,0.003148,NaN
2002-07-19,NaN,0.003141,NaN
2002-07-21,NaN,0.003129,NaN
2002-07-22,0.003208,0.003122,0.000086
2002-07-23,NaN,0.003116,NaN
2002-07-24,NaN,0.003110,NaN
2002-07-25,NaN,0.003103,NaN
2002-07-26,NaN,0.003097,NaN
2002-07-27,NaN,0.003091,NaN
2002-07-28,NaN,0.003085,NaN
2002-07-29,NaN,0.003078,NaN
2002-08-07,NaN,0.003021,NaN
2002-08-09,0.002668,0.003009,-0.000341
2002-08-10,NaN,0.003002,NaN
2002-08-11,NaN,0.002996,NaN
2002-08-12,NaN,0.002990,NaN
2002-08-13,NaN,0.002984,NaN
2002-08-14,0.002918,0.002977,-0.000059
2002-08-16,NaN,0.002972,NaN
2002-08-17,NaN,0.002973,NaN
2002-08-18,0.004934,0.002974,0.001960
2002-08-19,NaN,0.002974,NaN
2002-08-21,NaN,0.002976,NaN
2002-08-22,NaN,0.002977,NaN
2002-08-23,0.003730,0.002978,0.000752
2002-08-25,0.005318,0.002980,0.002338
2002-08-26,NaN,0.002980,NaN
2002-08-27,NaN,0.002981,NaN
2002-08-28,NaN,0.002982,NaN
2002-08-29,NaN,0.002983,NaN
2002-08-30,NaN,0.002984,NaN
2002-08-31,NaN,0.002985,NaN
2002-09-02,NaN,0.002986,NaN
2002-09-03,NaN,0.002987,NaN
2002-09-04,NaN,0.002988,NaN
2002-09-06,NaN,0.002990,NaN
2002-09-07,NaN,0.002991,NaN
2002-09-08,NaN,0.002992,NaN
2002-09-10,NaN,0.002993,NaN
2002-09-11,NaN,0.002994,NaN
2002-09-13,NaN,0.002996,NaN
2002-09-14,NaN,0.002997,NaN
2002-09-15,0.004160,0.002998,0.001162
2002-09-16,0.002588,0.003023,-0.000435
2002-09-17,0.004374,0.003047,0.001327
2002-09-18,0.001078,0.003072,-0.001994
2002-09-19,NaN,0.003097,NaN
2002-09-20,NaN,0.003122,NaN
2002-09-21,NaN,0.003147,NaN
2002-09-22,NaN,0.003172,NaN
2002-09-23,NaN,0.003197,NaN
2002-09-24,NaN,0.003221,NaN
2002-09-25,NaN,0.003246,NaN
2002-09-26,0.004859,0.003271,0.001588
2002-09-27,NaN,0.003296,NaN
2002-09-28,0.004654,0.003321,0.001333
2002-09-29,NaN,0.003346,NaN
2002-09-30,NaN,0.003371,NaN
2002-10-01,NaN,0.003395,NaN
2002-10-02,0.003064,0.003420,-0.000356
2002-10-03,0.004224,0.003445,0.000779
2002-10-04,0.001864,0.003470,-0.001606
2002-10-05,0.003844,0.003495,0.000349
2002-10-06,NaN,0.003520,NaN
2002-10-07,0.004176,0.003545,0.000631
2002-10-08,NaN,0.003569,NaN
2002-10-09,0.002870,0.003594,-0.000724
2002-10-10,0.004868,0.003619,0.001249
2002-10-11,NaN,0.003644,NaN
2002-10-12,0.004771,0.003669,0.001102
2002-10-13,NaN,0.003694,NaN
2002-10-14,NaN,0.003719,NaN
2002-10-15,NaN,0.003744,NaN
2002-10-16,NaN,0.003757,NaN
2002-10-17,NaN,0.003770,NaN
2002-10-18,0.004584,0.003783,0.000801
2002-10-19,0.004406,0.003797,0.000609
2002-10-20,NaN,0.003810,NaN
2002-10-21,NaN,0.003823,NaN
2002-10-22,0.002140,0.003836,-0.001696
2002-10-23,0.003923,0.003850,0.000073
2002-10-24,0.003686,0.003863,-0.000177
2002-10-25,0.004302,0.003876,0.000426
2002-10-26,0.004504,0.003890,0.000614
2002-10-27,0.004550,0.003903,0.000647
2002-10-28,0.003902,0.003916,-0.000014
2002-10-29,NaN,0.003929,NaN
2002-10-30,0.003877,0.003943,-0.000066
2002-10-31,NaN,0.003956,NaN
2002-11-01,0.003812,0.003969,-0.000157
2002-11-02,0.003997,0.003982,0.000015
2002-11-03,NaN,0.003996,NaN
2002-11-04,0.002883,0.004009,-0.001126
2002-11-05,NaN,0.004022,NaN
2002-11-06,0.004870,0.004036,0.000834
2002-11-07,0.004504,0.004049,0.000455
2002-11-08,NaN,0.004062,NaN
2002-11-09,0.003888,0.004075,-0.000187
2002-11-10,NaN,0.004089,NaN
2002-11-11,0.004779,0.004102,0.000677
2002-11-12,0.003198,0.004115,-0.000917
2002-11-13,0.011838,0.004128,0.007710
2002-11-14,0.006692,0.004142,0.002550
2002-11-15,0.005076,0.004155,0.000921
2002-11-16,NaN,0.004158,NaN
2002-11-17,NaN,0.004160,NaN
2002-11-18,0.009332,0.004163,0.005169
2002-11-19,NaN,0.004166,NaN
2002-11-20,0.005795,0.004168,0.001627
2002-11-21,NaN,0.004171,NaN
2002-11-22,0.005303,0.004174,0.001129
2002-11-23,0.005142,0.004176,0.000966
2002-11-24,0.005462,0.004179,0.001283
2002-11-25,NaN,0.004182,NaN
2002-11-26,NaN,0.004184,NaN
2002-11-27,NaN,0.004187,NaN
2002-11-28,NaN,0.004190,NaN
2002-11-29,0.005568,0.004192,0.001376
2002-11-30,0.003280,0.004195,-0.000915
2002-12-01,0.006014,0.004197,0.001817
2002-12-02,NaN,0.004200,NaN
2002-12-03,0.004234,0.004203,0.000031
2002-12-04,NaN,0.004205,NaN
2002-12-05,0.002532,0.004208,-0.001676
2002-12-06,0.005496,0.004211,0.001285
2002-12-07,NaN,0.004213,NaN
2002-12-08,NaN,0.004216,NaN
2002-12-09,NaN,0.004219,NaN
2002-12-10,0.004850,0.004221,0.000629
2002-12-11,NaN,0.004224,NaN
2002-12-12,0.004318,0.004227,0.000091
2002-12-13,NaN,0.004229,NaN
2002-12-14,NaN,0.004232,NaN
2002-12-15,0.002683,0.004235,-0.001552
2002-12-16,0.002462,0.004250,-0.001788
2002-12-17,0.005073,0.004265,0.000808
2002-12-18,NaN,0.004280,NaN
2002-12-19,0.004680,0.004295,0.000385
2002-12-20,NaN,0.004310,NaN
2002-12-21,0.008259,0.004326,0.003933
2002-12-22,0.006830,0.004341,0.002489
2002-12-23,NaN,0.004356,NaN
2002-12-24,0.005318,0.004371,0.000947
2002-12-25,NaN,0.004386,NaN
2002-12-26,0.008238,0.004401,0.003837
2002-12-27,NaN,0.004417,NaN
2002-12-28,0.007998,0.004432,0.003566
2002-12-29,0.005742,0.004447,0.001295
2002-12-30,NaN,0.004462,NaN
2002-12-31,NaN,0.004477,NaN
2003-01-01,NaN,0.004492,NaN
2003-01-02,NaN,0.004507,NaN
2003-01-03,NaN,0.004523,NaN
2003-01-04,0.007224,0.004538,0.002686
2003-01-05,0.005160,0.004553,0.000607
2003-01-06,0.005882,0.004568,0.001314
2003-01-07,0.008478,0.004583,0.003895
2003-01-08,0.005468,0.004598,0.000870
2003-01-09,0.005766,0.004614,0.001152
2003-01-10,NaN,0.004629,NaN
2003-01-11,0.005392,0.004644,0.000748
2003-01-12,0.004968,0.004659,0.000309
2003-01-13,NaN,0.004674,NaN
2003-01-14,NaN,0.004689,NaN
2003-01-15,0.007860,0.004704,0.003156
2003-01-16,0.011638,0.004694,0.006944
2003-01-17,NaN,0.004684,NaN
2003-01-18,NaN,0.004673,NaN
2003-01-19,0.008425,0.004663,0.003762
2003-01-20,0.005056,0.004652,0.000404
2003-01-21,0.006000,0.004642,0.001358
2003-01-22,0.004814,0.004632,0.000182
2003-01-23,NaN,0.004621,NaN
2003-01-24,NaN,0.004611,NaN
2003-01-25,0.012502,0.004600,0.007902
2003-01-26,NaN,0.004590,NaN
2003-01-27,0.011564,0.004580,0.006984
2003-01-28,NaN,0.004569,NaN
2003-01-29,NaN,0.004559,NaN
2003-01-30,NaN,0.004548,NaN
2003-01-31,NaN,0.004538,NaN
2003-02-01,0.006290,0.004528,0.001762
2003-02-02,0.005433,0.004517,0.000916
2003-02-03,NaN,0.004507,NaN
2003-02-04,NaN,0.004496,NaN
2003-02-05,0.006976,0.004486,0.002490
2003-02-06,0.005412,0.004475,0.000937
2003-02-07,0.005962,0.004465,0.001497
2003-02-08,0.006010,0.004455,0.001555
2003-02-09,0.004754,0.004444,0.000310
2003-02-10,0.005721,0.004434,0.001287
2003-02-11,0.004070,0.004423,-0.000353
2003-02-12,0.006426,0.004413,0.002013
2003-02-13,0.005450,0.004403,0.001047
2003-02-14,0.006852,0.004392,0.002460
2003-02-15,0.005534,0.004382,0.001152
2003-02-16,NaN,0.004367,NaN
2003-02-17,NaN,0.004353,NaN
2003-02-18,NaN,0.004338,NaN
2003-02-19,0.005856,0.004323,0.001533
2003-02-20,0.003278,0.004309,-0.001031
2003-02-21,0.005789,0.004294,0.001495
2003-02-22,0.005424,0.004280,0.001144
2003-02-23,NaN,0.004265,NaN
2003-02-24,NaN,0.004250,NaN
2003-02-25,NaN,0.004236,NaN
2003-02-26,0.005278,0.004221,0.001057
2003-02-27,NaN,0.004207,NaN
2003-02-28,0.004500,0.004192,0.000308
2003-03-01,NaN,0.004177,NaN
2003-03-02,NaN,0.004163,NaN
2003-03-03,NaN,0.004148,NaN
2003-03-04,0.004074,0.004134,-0.000060
2003-03-05,0.004802,0.004119,0.000683
2003-03-06,0.003700,0.004104,-0.000404
2003-03-07,0.005150,0.004090,0.001060
2003-03-08,NaN,0.004075,NaN
2003-03-09,0.004858,0.004061,0.000797
2003-03-10,0.003926,0.004046,-0.000120
2003-03-11,NaN,0.004031,NaN
2003-03-12,0.004818,0.004017,0.000801
2003-03-13,NaN,0.004002,NaN
2003-03-14,NaN,0.003988,NaN
2003-03-15,NaN,0.003973,NaN
2003-03-16,NaN,0.003958,NaN
2003-03-17,NaN,0.003943,NaN
2003-03-18,NaN,0.003928,NaN
2003-03-19,NaN,0.003913,NaN
2003-03-20,NaN,0.003899,NaN
2003-03-21,0.005728,0.003884,0.001844
2003-03-22,NaN,0.003869,NaN
2003-03-23,NaN,0.003854,NaN
2003-03-24,0.003212,0.003839,-0.000627
2003-03-25,NaN,0.003824,NaN
2003-03-26,NaN,0.003809,NaN
2003-03-27,NaN,0.003794,NaN
2003-03-28,0.004303,0.003779,0.000524
2003-03-29,0.002849,0.003765,-0.000916
2003-03-30,NaN,0.003750,NaN
2003-03-31,NaN,0.003735,NaN
2003-04-01,NaN,0.003720,NaN
2003-04-02,NaN,0.003705,NaN
2003-04-03,NaN,0.003690,NaN
2003-04-04,0.003554,0.003675,-0.000121
2003-04-05,0.004588,0.003660,0.000928
2003-04-06,0.003402,0.003645,-0.000243
2003-04-07,NaN,0.003631,NaN
2003-04-08,NaN,0.003616,NaN
2003-04-09,NaN,0.003601,NaN
2003-04-10,NaN,0.003586,NaN
2003-04-11,NaN,0.003571,NaN
2003-04-12,0.004294,0.003556,0.000738
2003-04-13,0.005390,0.003541,0.001849
2003-04-14,0.003736,0.003526,0.000210
2003-04-15,0.004394,0.003511,0.000883
2003-04-16,NaN,0.003502,NaN
2003-04-17,NaN,0.003492,NaN
2003-04-18,0.002888,0.003482,-0.000594
2003-04-19,NaN,0.003473,NaN
2003-04-20,0.003732,0.003463,0.000269
2003-04-21,NaN,0.003453,NaN
2003-04-22,0.004706,0.003444,0.001262
2003-04-23,NaN,0.003434,NaN
2003-04-24,NaN,0.003424,NaN
2003-04-25,NaN,0.003415,NaN
2003-04-26,NaN,0.003405,NaN
2003-04-27,NaN,0.003395,NaN
2003-04-28,0.003800,0.003386,0.000414
2003-04-29,0.005023,0.003376,0.001647
2003-04-30,NaN,0.003366,NaN
2003-05-01,NaN,0.003356,NaN
2003-05-02,NaN,0.003347,NaN
2003-05-03,NaN,0.003337,NaN
2003-05-04,0.003283,0.003327,-0.000044
2003-05-05,NaN,0.003318,NaN
2003-05-06,NaN,0.003308,NaN
2003-05-07,NaN,0.003298,NaN
2003-05-08,0.004018,0.003289,0.000729
2003-05-09,NaN,0.003279,NaN
2003-05-10,NaN,0.003269,NaN
2003-05-11,NaN,0.003260,NaN
2003-05-12,NaN,0.003250,NaN
2003-05-13,NaN,0.003240,NaN
2003-05-14,NaN,0.003231,NaN
2003-05-15,0.004768,0.003221,0.001547
2003-05-16,NaN,0.003223,NaN
2003-05-17,0.004979,0.003224,0.001755
2003-05-18,NaN,0.003226,NaN
2003-05-19,NaN,0.003227,NaN
2003-05-20,0.003930,0.003229,0.000701
2003-05-21,NaN,0.003231,NaN
2003-05-22,NaN,0.003232,NaN
2003-05-23,0.002644,0.003234,-0.000590
2003-05-24,NaN,0.003236,NaN
2003-05-25,0.003548,0.003237,0.000311
2003-05-26,NaN,0.003239,NaN
2003-05-27,NaN,0.003240,NaN
2003-05-28,NaN,0.003242,NaN
2003-05-29,NaN,0.003244,NaN
2003-05-30,NaN,0.003245,NaN
2003-05-31,0.005143,0.003247,0.001896
2003-06-01,NaN,0.003249,NaN
2003-06-02,NaN,0.003250,NaN
2003-06-03,NaN,0.003252,NaN
2003-06-04,NaN,0.003253,NaN
2003-06-05,NaN,0.003255,NaN
2003-06-06,NaN,0.003257,NaN
2003-06-07,NaN,0.003258,NaN
2003-06-08,0.004902,0.003260,0.001642
2003-06-09,NaN,0.003262,NaN
2003-06-10,NaN,0.003263,NaN
2003-06-11,NaN,0.003265,NaN
2003-06-12,NaN,0.003266,NaN
2003-06-13,NaN,0.003268,NaN
2003-06-14,0.004046,0.003270,0.000776
2003-06-15,NaN,0.003271,NaN
2003-06-16,NaN,0.003268,NaN
2003-06-17,NaN,0.003264,NaN
2003-06-18,NaN,0.003261,NaN
2003-06-19,NaN,0.003257,NaN
2003-06-20,NaN,0.003254,NaN
2003-06-21,NaN,0.003250,NaN
2003-06-22,NaN,0.003247,NaN
2003-06-23,NaN,0.003243,NaN
2003-06-24,NaN,0.003240,NaN
2003-06-25,NaN,0.003236,NaN
2003-06-26,NaN,0.003233,NaN
2003-06-27,NaN,0.003229,NaN
2003-06-28,NaN,0.003226,NaN
2003-06-29,NaN,0.003222,NaN
2003-06-30,NaN,0.003219,NaN
2003-07-01,NaN,0.003215,NaN
2003-07-02,NaN,0.003212,NaN
2003-07-03,NaN,0.003208,NaN
2003-07-04,NaN,0.003205,NaN
2003-07-05,NaN,0.003201,NaN
2003-07-06,NaN,0.003198,NaN
2003-07-07,NaN,0.003194,NaN
2003-07-08,NaN,0.003191,NaN
2003-07-09,0.005804,0.003188,0.002616
2003-07-10,NaN,0.003184,NaN
2003-07-11,NaN,0.003181,NaN
2003-07-12,NaN,0.003177,NaN
2003-07-13,NaN,0.003174,NaN
2003-07-14,NaN,0.003170,NaN
2003-07-15,NaN,0.003167,NaN
2003-07-16,NaN,0.003160,NaN
2003-07-17,NaN,0.003154,NaN
2003-07-18,NaN,0.003148,NaN
2003-07-19,NaN,0.003141,NaN
2003-07-20,0.004702,0.003135,0.001567
2003-07-21,NaN,0.003129,NaN
2003-07-22,NaN,0.003122,NaN
2003-07-23,NaN,0.003116,NaN
2003-07-24,NaN,0.003110,NaN
2003-07-25,NaN,0.003103,NaN
2003-07-26,NaN,0.003097,NaN
2003-07-27,0.005108,0.003091,0.002017
2003-07-28,NaN,0.003085,NaN
2003-07-29,NaN,0.003078,NaN
2003-07-30,NaN,0.003072,NaN
2003-07-31,NaN,0.003066,NaN
2003-08-01,NaN,0.003059,NaN
2003-08-02,NaN,0.003053,NaN
2003-08-03,NaN,0.003047,NaN
2003-08-04,NaN,0.003040,NaN
2003-08-05,NaN,0.003034,NaN
2003-08-06,NaN,0.003028,NaN
2003-08-07,NaN,0.003021,NaN
2003-08-08,NaN,0.003015,NaN
2003-08-09,NaN,0.003009,NaN
2003-08-10,NaN,0.003002,NaN
2003-08-11,NaN,0.002996,NaN
2003-08-12,NaN,0.002990,NaN
2003-08-13,NaN,0.002984,NaN
2003-08-14,NaN,0.002977,NaN
2003-08-15,0.002562,0.002971,-0.000409
2003-08-16,NaN,0.002972,NaN
2003-08-17,NaN,0.002973,NaN
2003-08-18,0.003041,0.002974,0.000067
2003-08-19,NaN,0.002974,NaN
2003-08-20,NaN,0.002975,NaN
2003-08-21,NaN,0.002976,NaN
2003-08-22,NaN,0.002977,NaN
2003-08-23,NaN,0.002978,NaN
2003-08-24,0.003010,0.002979,0.000031
2003-08-25,NaN,0.002980,NaN
2003-08-26,NaN,0.002980,NaN
2003-08-27,NaN,0.002981,NaN
2003-08-28,NaN,0.002982,NaN
2003-08-29,NaN,0.002983,NaN
2003-08-30,NaN,0.002984,NaN
2003-08-31,NaN,0.002985,NaN
2003-09-01,NaN,0.002986,NaN
2003-09-02,NaN,0.002986,NaN
2003-09-03,NaN,0.002987,NaN
2003-09-04,0.005120,0.002988,0.002132
2003-09-05,NaN,0.002989,NaN
2003-09-06,NaN,0.002990,NaN
2003-09-07,NaN,0.002991,NaN
2003-09-08,NaN,0.002992,NaN
2003-09-09,0.002574,0.002992,-0.000418
2003-09-10,NaN,0.002993,NaN
2003-09-11,NaN,0.002994,NaN
2003-09-12,NaN,0.002995,NaN
2003-09-13,NaN,0.002996,NaN
2003-09-14,NaN,0.002997,NaN
2003-09-15,NaN,0.002998,NaN
2003-09-16,0.003432,0.003023,0.000409
2003-09-17,0.002984,0.003047,-0.000063
2003-09-18,0.003088,0.003072,0.000016
2003-09-19,0.005404,0.003097,0.002307
2003-09-20,NaN,0.003122,NaN
2003-09-21,NaN,0.003147,NaN
2003-09-22,NaN,0.003172,NaN
2003-09-23,NaN,0.003197,NaN
2003-09-24,NaN,0.003221,NaN
2003-09-25,NaN,0.003246,NaN
2003-09-26,NaN,0.003271,NaN
2003-09-28,NaN,0.003321,NaN
2003-09-29,NaN,0.003346,NaN
2003-09-30,NaN,0.003371,NaN
2003-10-01,0.004348,0.003395,0.000953
2003-10-02,0.002926,0.003420,-0.000494
2003-10-03,0.004332,0.003445,0.000887
2003-10-04,NaN,0.003470,NaN
2003-10-05,NaN,0.003495,NaN
2003-10-06,0.003486,0.003520,-0.000034
2003-10-07,NaN,0.003545,NaN
2003-10-08,NaN,0.003569,NaN
2003-10-09,0.004982,0.003594,0.001388
2003-10-10,NaN,0.003619,NaN
2003-10-11,0.003446,0.003644,-0.000198
2003-10-12,NaN,0.003669,NaN
2003-10-13,0.004008,0.003694,0.000314
2003-10-14,NaN,0.003719,NaN
2003-10-15,NaN,0.003744,NaN
2003-10-16,NaN,0.003757,NaN
2003-10-17,NaN,0.003770,NaN
2003-10-18,NaN,0.003783,NaN
2003-10-19,0.004706,0.003797,0.000909
2003-10-20,0.004460,0.003810,0.000650
2003-10-21,0.004200,0.003823,0.000377
2003-10-22,0.005828,0.003836,0.001992
2003-10-23,NaN,0.003850,NaN
2003-10-24,0.005316,0.003863,0.001453
2003-10-25,NaN,0.003876,NaN
2003-10-26,0.006256,0.003890,0.002366
2003-10-27,NaN,0.003903,NaN
2003-10-28,NaN,0.003916,NaN
2003-10-31,0.009887,0.003956,0.005931
2003-11-01,NaN,0.003969,NaN
2003-11-02,0.006578,0.003982,0.002596
2003-11-03,NaN,0.003996,NaN
2003-11-04,NaN,0.004009,NaN
2003-11-05,NaN,0.004022,NaN
2003-11-06,NaN,0.004036,NaN
2003-11-07,0.005322,0.004049,0.001273
2003-11-08,NaN,0.004062,NaN
2003-11-09,NaN,0.004075,NaN
2003-11-10,NaN,0.004089,NaN
2003-11-11,0.009444,0.004102,0.005342
2003-11-12,0.006258,0.004115,0.002143
2003-11-13,0.005386,0.004128,0.001258
2003-11-14,0.008344,0.004142,0.004202
2003-11-16,0.004274,0.004158,0.000116
2003-11-17,NaN,0.004160,NaN
2003-11-18,0.004996,0.004163,0.000833
2003-11-19,NaN,0.004166,NaN
2003-11-20,NaN,0.004168,NaN
2003-11-21,0.005924,0.004171,0.001753
2003-11-22,0.007246,0.004174,0.003072
2003-11-23,0.004499,0.004176,0.000323
2003-11-24,0.003024,0.004179,-0.001155
2003-11-25,0.004594,0.004182,0.000412
2003-11-26,0.003172,0.004184,-0.001012
2003-11-27,0.005002,0.004187,0.000815
2003-11-28,NaN,0.004190,NaN
2003-11-29,NaN,0.004192,NaN
2003-11-30,0.011172,0.004195,0.006977
2003-12-02,0.009779,0.004200,0.005579
2003-12-03,NaN,0.004203,NaN
2003-12-04,0.008363,0.004205,0.004158
2003-12-05,NaN,0.004208,NaN
2003-12-06,NaN,0.004211,NaN
2003-12-07,0.008560,0.004213,0.004347
2003-12-08,0.006696,0.004216,0.002480
2003-12-09,0.004451,0.004219,0.000232
2003-12-10,NaN,0.004221,NaN
2003-12-11,0.005808,0.004224,0.001584
2003-12-12,0.004858,0.004227,0.000631
2003-12-13,0.005108,0.004229,0.000879
2003-12-14,NaN,0.004232,NaN
2003-12-15,0.005680,0.004235,0.001445
2003-12-16,NaN,0.004250,NaN
2003-12-17,NaN,0.004265,NaN
2003-12-18,NaN,0.004280,NaN
2003-12-19,NaN,0.004295,NaN
2003-12-20,0.006280,0.004310,0.001970
2003-12-21,NaN,0.004326,NaN
2003-12-22,NaN,0.004341,NaN
2003-12-23,NaN,0.004356,NaN
2003-12-24,NaN,0.004371,NaN
2003-12-25,NaN,0.004386,NaN
2003-12-26,NaN,0.004401,NaN
2003-12-27,0.004842,0.004417,0.000425
2003-12-28,NaN,0.004432,NaN
2003-12-29,0.004556,0.004447,0.000109
2003-12-30,0.003306,0.004462,-0.001156
2003-12-31,0.004228,0.004477,-0.000249
2004-01-01,0.003892,0.004492,-0.000600
2004-01-02,NaN,0.004507,NaN
2004-01-03,0.003712,0.004523,-0.000811
2004-01-04,NaN,0.004538,NaN
2004-01-05,0.005551,0.004553,0.000998
2004-01-06,NaN,0.004568,NaN
2004-01-07,NaN,0.004583,NaN
2004-01-08,0.005194,0.004598,0.000596
2004-01-09,0.004454,0.004614,-0.000160
2004-01-10,NaN,0.004629,NaN
2004-01-11,0.006204,0.004644,0.001560
2004-01-12,0.007178,0.004659,0.002519
2004-01-13,NaN,0.004674,NaN
2004-01-14,0.005498,0.004689,0.000809
2004-01-15,NaN,0.004704,NaN
2004-01-16,0.004292,0.004694,-0.000402
2004-01-17,0.003394,0.004684,-0.001290
2004-01-18,NaN,0.004673,NaN
2004-01-19,NaN,0.004663,NaN
2004-01-20,0.003930,0.004652,-0.000722
2004-01-21,0.005870,0.004642,0.001228
2004-01-22,0.004090,0.004632,-0.000542
2004-01-23,0.005656,0.004621,0.001035
2004-01-24,0.004246,0.004611,-0.000365
2004-01-25,0.003778,0.004600,-0.000822
2004-01-26,0.006550,0.004590,0.001960
2004-01-27,NaN,0.004580,NaN
2004-01-28,0.008148,0.004569,0.003579
2004-01-29,NaN,0.004559,NaN
2004-01-30,NaN,0.004548,NaN
2004-01-31,NaN,0.004538,NaN
2004-02-01,0.004298,0.004528,-0.000230
2004-02-02,0.004338,0.004517,-0.000179
2004-02-03,0.003334,0.004507,-0.001173
2004-02-04,0.004062,0.004496,-0.000434
2004-02-05,NaN,0.004486,NaN
2004-02-06,0.004644,0.004475,0.000169
2004-02-07,NaN,0.004465,NaN
2004-02-08,0.010340,0.004455,0.005885
2004-02-09,NaN,0.004444,NaN
2004-02-10,0.004784,0.004434,0.000350
2004-02-11,0.005856,0.004423,0.001433
2004-02-12,NaN,0.004413,NaN
2004-02-13,0.004860,0.004403,0.000457
2004-02-14,NaN,0.004392,NaN
2004-02-15,NaN,0.004382,NaN
2004-02-16,NaN,0.004367,NaN
2004-02-17,NaN,0.004353,NaN
2004-02-18,0.007012,0.004338,0.002674
2004-02-19,0.004232,0.004323,-0.000091
2004-02-20,0.003958,0.004309,-0.000351
2004-02-21,0.002616,0.004294,-0.001678
2004-02-22,0.004384,0.004280,0.000104
2004-02-23,0.002706,0.004265,-0.001559
2004-02-24,NaN,0.004250,NaN
2004-02-25,0.003362,0.004236,-0.000874
2004-02-26,0.003280,0.004221,-0.000941
2004-02-27,0.005792,0.004207,0.001585
2004-02-28,0.004670,0.004192,0.000478
2004-02-29,NaN,0.004177,NaN
2004-03-01,NaN,0.004163,NaN
2004-03-02,NaN,0.004148,NaN
2004-03-03,0.003422,0.004134,-0.000712
2004-03-04,0.003544,0.004119,-0.000575
2004-03-05,0.004134,0.004104,0.000030
2004-03-06,NaN,0.004090,NaN
2004-03-07,NaN,0.004075,NaN
2004-03-08,0.002700,0.004061,-0.001361
2004-03-09,0.004750,0.004046,0.000704
2004-03-10,NaN,0.004031,NaN
2004-03-11,NaN,0.004017,NaN
2004-03-12,0.002848,0.004002,-0.001154
2004-03-13,0.003816,0.003988,-0.000172
2004-03-14,NaN,0.003973,NaN
2004-03-15,NaN,0.003958,NaN
2004-03-16,0.003962,0.003943,0.000019
2004-03-17,NaN,0.003928,NaN
2004-03-18,NaN,0.003913,NaN
2004-03-19,0.003087,0.003899,-0.000812
2004-03-20,NaN,0.003884,NaN
2004-03-21,0.003614,0.003869,-0.000255
2004-03-22,0.003198,0.003854,-0.000656
2004-03-23,0.005124,0.003839,0.001285
2004-03-24,NaN,0.003824,NaN
2004-03-25,NaN,0.003809,NaN
2004-03-26,NaN,0.003794,NaN
2004-03-27,NaN,0.003779,NaN
2004-03-28,0.002974,0.003765,-0.000791
2004-03-29,0.003196,0.003750,-0.000554
2004-03-30,0.003546,0.003735,-0.000189
2004-03-31,0.002870,0.003720,-0.000850
2004-04-01,NaN,0.003705,NaN
2004-04-02,NaN,0.003690,NaN
2004-04-03,NaN,0.003675,NaN
2004-04-04,0.003198,0.003660,-0.000462
2004-04-05,0.006388,0.003645,0.002743
2004-04-06,NaN,0.003631,NaN
2004-04-07,NaN,0.003616,NaN
2004-04-08,0.003330,0.003601,-0.000271
2004-04-09,NaN,0.003586,NaN
2004-04-10,NaN,0.003571,NaN
2004-04-11,NaN,0.003556,NaN
2004-04-12,NaN,0.003541,NaN
2004-04-13,NaN,0.003526,NaN
2004-04-14,NaN,0.003511,NaN
2004-04-15,0.006532,0.003502,0.003030
2004-04-16,NaN,0.003492,NaN
2004-04-17,NaN,0.003482,NaN
2004-04-18,NaN,0.003473,NaN
2004-04-19,NaN,0.003463,NaN
2004-04-20,0.003180,0.003453,-0.000273
2004-04-21,NaN,0.003444,NaN
2004-04-22,NaN,0.003434,NaN
2004-04-23,0.003794,0.003424,0.000370
2004-04-24,0.003928,0.003415,0.000513
2004-04-25,NaN,0.003405,NaN
2004-04-26,NaN,0.003395,NaN
2004-04-27,NaN,0.003386,NaN
2004-04-28,NaN,0.003376,NaN
2004-04-29,NaN,0.003366,NaN
2004-04-30,NaN,0.003356,NaN
2004-05-01,NaN,0.003347,NaN
2004-05-02,NaN,0.003337,NaN
2004-05-03,NaN,0.003327,NaN
2004-05-04,NaN,0.003318,NaN
2004-05-05,NaN,0.003308,NaN
2004-05-06,NaN,0.003298,NaN
2004-05-07,NaN,0.003289,NaN
2004-05-08,NaN,0.003279,NaN
2004-05-09,NaN,0.003269,NaN
2004-05-10,NaN,0.003260,NaN
2004-05-11,NaN,0.003250,NaN
2004-05-12,NaN,0.003240,NaN
2004-05-13,NaN,0.003231,NaN
2004-05-14,NaN,0.003221,NaN
2004-05-15,0.003682,0.003223,0.000459
2004-05-16,NaN,0.003224,NaN
2004-05-17,NaN,0.003226,NaN
2004-05-18,NaN,0.003227,NaN
2004-05-19,NaN,0.003229,NaN
2004-05-20,NaN,0.003231,NaN
2004-05-21,NaN,0.003232,NaN
2004-05-22,NaN,0.003234,NaN
2004-05-23,NaN,0.003236,NaN
2004-05-24,0.003219,0.003237,-0.000018
2004-05-25,0.003041,0.003239,-0.000198
2004-05-26,0.004074,0.003240,0.000834
2004-05-27,0.003320,0.003242,0.000078
2004-05-28,NaN,0.003244,NaN
2004-05-29,0.003882,0.003245,0.000637
2004-05-30,NaN,0.003247,NaN
2004-05-31,0.004015,0.003249,0.000766
2004-06-01,0.003706,0.003250,0.000456
2004-06-02,0.004379,0.003252,0.001127
2004-06-03,0.002484,0.003253,-0.000769
2004-06-04,0.002696,0.003255,-0.000559
2004-06-05,0.002948,0.003257,-0.000309
2004-06-06,NaN,0.003258,NaN
2004-06-07,0.003790,0.003260,0.000530
2004-06-08,NaN,0.003262,NaN
2004-06-09,0.003934,0.003263,0.000671
2004-06-10,NaN,0.003265,NaN
2004-06-11,0.005306,0.003266,0.002040
2004-06-12,NaN,0.003268,NaN
2004-06-13,NaN,0.003270,NaN
2004-06-14,NaN,0.003271,NaN
2004-06-15,NaN,0.003268,NaN
2004-06-16,0.003702,0.003264,0.000438
2004-06-17,NaN,0.003261,NaN
2004-06-18,0.004588,0.003257,0.001331
2004-06-19,NaN,0.003254,NaN
2004-06-20,NaN,0.003250,NaN
2004-06-21,NaN,0.003247,NaN
2004-06-22,NaN,0.003243,NaN
2004-06-23,NaN,0.003240,NaN
2004-06-24,NaN,0.003236,NaN
2004-06-25,0.004988,0.003233,0.001755
2004-06-26,NaN,0.003229,NaN
2004-06-27,NaN,0.003226,NaN
2004-06-28,NaN,0.003222,NaN
2004-06-29,NaN,0.003219,NaN
2004-06-30,NaN,0.003215,NaN
2004-07-01,NaN,0.003212,NaN
2004-07-02,0.002404,0.003208,-0.000804
2004-07-03,0.003118,0.003205,-0.000087
2004-07-04,NaN,0.003201,NaN
2004-07-05,NaN,0.003198,NaN
2004-07-06,NaN,0.003194,NaN
2004-07-07,NaN,0.003191,NaN
2004-07-08,NaN,0.003188,NaN
2004-07-09,NaN,0.003184,NaN
2004-07-10,NaN,0.003181,NaN
2004-07-11,0.004506,0.003177,0.001329
2004-07-12,NaN,0.003174,NaN
2004-07-13,0.004572,0.003170,0.001402
2004-07-14,0.002086,0.003167,-0.001081
2004-07-15,NaN,0.003160,NaN
2004-07-16,NaN,0.003154,NaN
2004-07-17,NaN,0.003148,NaN
2004-07-18,NaN,0.003141,NaN
2004-07-19,NaN,0.003135,NaN
2004-07-20,NaN,0.003129,NaN
2004-07-21,NaN,0.003122,NaN
2004-07-22,0.004207,0.003116,0.001091
2004-07-23,NaN,0.003110,NaN
2004-07-24,NaN,0.003103,NaN
2004-07-25,NaN,0.003097,NaN
2004-07-26,0.004486,0.003091,0.001395
2004-07-27,0.003935,0.003085,0.000850
2004-07-28,NaN,0.003078,NaN
2004-07-29,NaN,0.003072,NaN
2004-07-30,NaN,0.003066,NaN
2004-07-31,NaN,0.003059,NaN
2004-08-01,NaN,0.003053,NaN
2004-08-02,NaN,0.003047,NaN
2004-08-03,NaN,0.003040,NaN
2004-08-04,0.001688,0.003034,-0.001346
2004-08-05,NaN,0.003028,NaN
2004-08-06,NaN,0.003021,NaN
2004-08-07,NaN,0.003015,NaN
2004-08-08,NaN,0.003009,NaN
2004-08-09,NaN,0.003002,NaN
2004-08-10,0.002546,0.002996,-0.000450
2004-08-11,0.002762,0.002990,-0.000228
2004-08-12,0.002256,0.002984,-0.000728
2004-08-13,NaN,0.002977,NaN
2004-08-14,0.003588,0.002971,0.000617
2004-08-15,NaN,0.002972,NaN
2004-08-16,NaN,0.002973,NaN
2004-08-17,NaN,0.002974,NaN
2004-08-18,NaN,0.002974,NaN
2004-08-19,NaN,0.002975,NaN
2004-08-20,NaN,0.002976,NaN
2004-08-21,0.003319,0.002977,0.000342
2004-08-22,NaN,0.002978,NaN
2004-08-23,0.003036,0.002979,0.000057
2004-08-24,NaN,0.002980,NaN
2004-08-25,NaN,0.002980,NaN
2004-08-26,0.004946,0.002981,0.001965
2004-08-27,0.002470,0.002982,-0.000512
2004-08-28,0.003016,0.002983,0.000033
2004-08-29,0.002575,0.002984,-0.000409
2004-08-30,0.004536,0.002985,0.001551
2004-08-31,NaN,0.002986,NaN
2004-09-01,NaN,0.002986,NaN
2004-09-02,0.001954,0.002987,-0.001033
2004-09-03,NaN,0.002988,NaN
2004-09-04,NaN,0.002989,NaN
2004-09-05,NaN,0.002990,NaN
2004-09-06,NaN,0.002991,NaN
2004-09-07,NaN,0.002992,NaN
2004-09-08,0.004376,0.002992,0.001384
2004-09-09,NaN,0.002993,NaN
2004-09-10,NaN,0.002994,NaN
2004-09-11,NaN,0.002995,NaN
2004-09-12,NaN,0.002996,NaN
2004-09-13,NaN,0.002997,NaN
2004-09-14,NaN,0.002998,NaN
2004-09-15,0.002970,0.003023,-0.000053
2004-09-16,NaN,0.003047,NaN
2004-09-17,0.003600,0.003072,0.000528
2004-09-18,0.001344,0.003097,-0.001753
2004-09-19,0.003470,0.003122,0.000348
2004-09-20,0.003472,0.003147,0.000325
2004-09-21,0.004858,0.003172,0.001686
2004-09-22,0.006390,0.003197,0.003193
2004-09-23,0.003494,0.003221,0.000273
2004-09-24,NaN,0.003246,NaN
2004-09-25,NaN,0.003271,NaN
2004-09-26,NaN,0.003296,NaN
2004-09-27,NaN,0.003321,NaN
2004-09-28,0.001212,0.003346,-0.002134
2004-09-29,0.003442,0.003371,0.000071
2004-09-30,NaN,0.003395,NaN
2004-10-01,0.004924,0.003420,0.001504
2004-10-02,NaN,0.003445,NaN
2004-10-03,0.006724,0.003470,0.003254
2004-10-04,0.002806,0.003495,-0.000689
2004-10-05,NaN,0.003520,NaN
2004-10-06,NaN,0.003545,NaN
2004-10-07,NaN,0.003569,NaN
2004-10-08,NaN,0.003594,NaN
2004-10-09,0.001884,0.003619,-0.001735
2004-10-10,NaN,0.003644,NaN
2004-10-11,NaN,0.003669,NaN
2004-10-12,0.005798,0.003694,0.002104
2004-10-13,NaN,0.003719,NaN
2004-10-14,0.001940,0.003744,-0.001804
2004-10-15,NaN,0.003757,NaN
2004-10-16,NaN,0.003770,NaN
2004-10-17,0.002310,0.003783,-0.001473
2004-10-18,NaN,0.003797,NaN
2004-10-19,0.003760,0.003810,-0.000050
2004-10-20,0.002462,0.003823,-0.001361
2004-10-21,0.003794,0.003836,-0.000042
2004-10-22,0.003254,0.003850,-0.000596
2004-10-23,0.003076,0.003863,-0.000787
2004-10-24,NaN,0.003876,NaN
2004-10-25,0.003124,0.003890,-0.000766
2004-10-26,0.003362,0.003903,-0.000541
2004-10-27,NaN,0.003916,NaN
2004-10-28,0.003566,0.003929,-0.000363
2004-10-29,0.001602,0.003943,-0.002341
2004-10-30,NaN,0.003956,NaN
2004-10-31,0.002324,0.003969,-0.001645
2004-11-01,0.002026,0.003982,-0.001956
2004-11-02,0.002184,0.003996,-0.001812
2004-11-03,0.002302,0.004009,-0.001707
2004-11-04,0.003616,0.004022,-0.000406
2004-11-05,NaN,0.004036,NaN
2004-11-06,0.003444,0.004049,-0.000605
2004-11-07,NaN,0.004062,NaN
2004-11-08,0.003614,0.004075,-0.000461
2004-11-09,0.003692,0.004089,-0.000397
2004-11-10,NaN,0.004102,NaN
2004-11-11,0.004384,0.004115,0.000269
2004-11-12,0.001820,0.004128,-0.002308
2004-11-13,0.002926,0.004142,-0.001216
2004-11-14,0.002798,0.004155,-0.001357
2004-11-15,NaN,0.004158,NaN
2004-11-16,0.006708,0.004160,0.002548
2004-11-17,NaN,0.004163,NaN
2004-11-18,0.004318,0.004166,0.000152
2004-11-19,0.002120,0.004168,-0.002048
2004-11-20,NaN,0.004171,NaN
2004-11-21,0.002454,0.004174,-0.001720
2004-11-22,0.003616,0.004176,-0.000560
2004-11-23,NaN,0.004179,NaN
2004-11-24,0.004064,0.004182,-0.000118
2004-11-25,NaN,0.004184,NaN
2004-11-26,0.003608,0.004187,-0.000579
2004-11-27,0.003839,0.004190,-0.000351
2004-11-28,0.002772,0.004192,-0.001420
2004-11-29,0.002238,0.004195,-0.001957
2004-11-30,NaN,0.004197,NaN
2004-12-01,0.001733,0.004200,-0.002467
2004-12-02,NaN,0.004203,NaN
2004-12-03,0.003020,0.004205,-0.001185
2004-12-04,0.005666,0.004208,0.001458
2004-12-05,NaN,0.004211,NaN
2004-12-06,0.006273,0.004213,0.002060
2004-12-07,NaN,0.004216,NaN
2004-12-08,0.006056,0.004219,0.001837
2004-12-09,0.003048,0.004221,-0.001173
2004-12-10,0.002874,0.004224,-0.001350
2004-12-11,NaN,0.004227,NaN
2004-12-12,0.005448,0.004229,0.001219
2004-12-13,0.004866,0.004232,0.000634
2004-12-14,0.003570,0.004235,-0.000665
2004-12-15,NaN,0.004249,NaN
2004-12-16,0.005506,0.004264,0.001242
2004-12-17,NaN,0.004279,NaN
2004-12-18,0.003480,0.004293,-0.000813
2004-12-19,NaN,0.004308,NaN
2004-12-20,0.005552,0.004323,0.001229
2004-12-21,NaN,0.004337,NaN
2004-12-22,NaN,0.004352,NaN
2004-12-23,NaN,0.004367,NaN
2004-12-24,NaN,0.004381,NaN
2004-12-25,NaN,0.004396,NaN
2004-12-26,NaN,0.004411,NaN
2004-12-27,0.011383,0.004426,0.006957
2004-12-28,NaN,0.004440,NaN
2004-12-29,0.005532,0.004455,0.001077
2004-12-30,NaN,0.004470,NaN
2004-12-31,0.003882,0.004484,-0.000602
2005-01-01,NaN,0.004499,NaN
2005-01-02,0.003686,0.004514,-0.000828
2005-01-03,0.003281,0.004528,-0.001247
2005-01-04,NaN,0.004543,NaN
2005-01-05,NaN,0.004558,NaN
2005-01-06,NaN,0.004572,NaN
2005-01-07,0.003439,0.004587,-0.001148
2005-01-08,0.003314,0.004602,-0.001288
2005-01-09,NaN,0.004616,NaN
2005-01-10,0.004010,0.004631,-0.000621
2005-01-11,0.004020,0.004646,-0.000626
2005-01-12,NaN,0.004660,NaN
2005-01-13,NaN,0.004675,NaN
2005-01-14,NaN,0.004690,NaN
2005-01-15,NaN,0.004704,NaN
2005-01-16,NaN,0.004694,NaN
2005-01-17,0.008116,0.004684,0.003432
2005-01-18,0.009532,0.004673,0.004859
2005-01-19,0.007144,0.004663,0.002481
2005-01-20,0.005306,0.004652,0.000654
2005-01-21,0.004442,0.004642,-0.000200
2005-01-22,0.002164,0.004632,-0.002468
2005-01-23,0.005456,0.004621,0.000835
2005-01-24,0.005916,0.004611,0.001305
2005-01-25,0.006794,0.004600,0.002194
2005-01-26,0.004022,0.004590,-0.000568
2005-01-27,0.003472,0.004580,-0.001108
2005-01-28,0.004230,0.004569,-0.000339
2005-01-29,0.002842,0.004559,-0.001717
2005-01-30,0.004276,0.004548,-0.000272
2005-01-31,0.002096,0.004538,-0.002442
2005-02-01,NaN,0.004528,NaN
2005-02-02,NaN,0.004517,NaN
2005-02-03,NaN,0.004507,NaN
2005-02-04,NaN,0.004496,NaN
2005-02-05,0.003982,0.004486,-0.000504
2005-02-06,NaN,0.004475,NaN
2005-02-07,NaN,0.004465,NaN
2005-02-08,0.004796,0.004455,0.000341
2005-02-09,NaN,0.004444,NaN
2005-02-10,0.003468,0.004434,-0.000966
2005-02-11,0.005794,0.004423,0.001371
2005-02-12,0.007852,0.004413,0.003439
2005-02-13,NaN,0.004403,NaN
2005-02-14,0.003725,0.004392,-0.000667
2005-02-15,0.004564,0.004382,0.000182
2005-02-16,0.002406,0.004367,-0.001961
2005-02-17,0.004030,0.004353,-0.000323
2005-02-18,0.003658,0.004338,-0.000680
2005-02-19,0.006572,0.004323,0.002249
2005-02-20,NaN,0.004309,NaN
2005-02-21,0.004134,0.004294,-0.000160
2005-02-22,0.003946,0.004280,-0.000334
2005-02-23,NaN,0.004265,NaN
2005-02-24,0.002756,0.004250,-0.001494
2005-02-25,NaN,0.004236,NaN
2005-02-26,NaN,0.004221,NaN
2005-02-27,NaN,0.004207,NaN
2005-02-28,NaN,0.004192,NaN
2005-03-01,0.005505,0.004177,0.001328
2005-03-02,0.005982,0.004163,0.001819
2005-03-03,NaN,0.004148,NaN
2005-03-04,NaN,0.004134,NaN
2005-03-05,0.004996,0.004119,0.000877
2005-03-06,NaN,0.004104,NaN
2005-03-07,NaN,0.004090,NaN
2005-03-08,NaN,0.004075,NaN
2005-03-09,NaN,0.004061,NaN
2005-03-10,NaN,0.004046,NaN
2005-03-11,0.002372,0.004031,-0.001659
2005-03-12,0.004466,0.004017,0.000449
2005-03-13,NaN,0.004002,NaN
2005-03-14,NaN,0.003988,NaN
2005-03-15,NaN,0.003973,NaN
2005-03-16,NaN,0.003958,NaN
2005-03-17,NaN,0.003943,NaN
2005-03-18,0.002788,0.003928,-0.001140
2005-03-19,0.004558,0.003913,0.000645
2005-03-20,0.001954,0.003899,-0.001945
2005-03-21,NaN,0.003884,NaN
2005-03-22,NaN,0.003869,NaN
2005-03-23,NaN,0.003854,NaN
2005-03-24,0.002889,0.003839,-0.000950
2005-03-25,NaN,0.003824,NaN
2005-03-26,NaN,0.003809,NaN
2005-03-27,NaN,0.003794,NaN
2005-03-28,NaN,0.003779,NaN
2005-03-29,0.003766,0.003765,0.000001
2005-03-30,NaN,0.003750,NaN
2005-03-31,0.004473,0.003735,0.000738
2005-04-01,NaN,0.003720,NaN
2005-04-02,NaN,0.003705,NaN
2005-04-03,0.004810,0.003690,0.001120
2005-04-04,0.004838,0.003675,0.001163
2005-04-05,NaN,0.003660,NaN
2005-04-06,NaN,0.003645,NaN
2005-04-07,NaN,0.003631,NaN
2005-04-08,NaN,0.003616,NaN
2005-04-09,0.003566,0.003601,-0.000035
2005-04-10,0.002558,0.003586,-0.001028
2005-04-11,0.003718,0.003571,0.000147
2005-04-12,NaN,0.003556,NaN
2005-04-13,NaN,0.003541,NaN
2005-04-14,0.001866,0.003526,-0.001660
2005-04-15,NaN,0.003511,NaN
2005-04-16,NaN,0.003502,NaN
2005-04-17,0.004126,0.003492,0.000634
2005-04-18,0.003988,0.003482,0.000506
2005-04-19,NaN,0.003473,NaN
2005-04-20,NaN,0.003463,NaN
2005-04-21,0.001908,0.003453,-0.001545
2005-04-22,NaN,0.003444,NaN
2005-04-23,0.002476,0.003434,-0.000958
2005-04-24,NaN,0.003424,NaN
2005-04-25,0.003564,0.003415,0.000149
2005-04-26,0.002156,0.003405,-0.001249
2005-04-27,NaN,0.003395,NaN
2005-04-28,NaN,0.003386,NaN
2005-04-29,NaN,0.003376,NaN
2005-04-30,NaN,0.003366,NaN
2005-05-01,NaN,0.003356,NaN
2005-05-02,NaN,0.003347,NaN
2005-05-03,0.003970,0.003337,0.000633
2005-05-04,NaN,0.003327,NaN
2005-05-05,NaN,0.003318,NaN
2005-05-06,0.002882,0.003308,-0.000426
2005-05-07,NaN,0.003298,NaN
2005-05-08,NaN,0.003289,NaN
2005-05-09,0.001994,0.003279,-0.001285
2005-05-10,NaN,0.003269,NaN
2005-05-11,0.005122,0.003260,0.001862
2005-05-12,NaN,0.003250,NaN
2005-05-13,0.003295,0.003240,0.000055
2005-05-14,NaN,0.003231,NaN
2005-05-15,NaN,0.003221,NaN
2005-05-16,0.001856,0.003223,-0.001367
2005-05-17,NaN,0.003224,NaN
2005-05-18,0.002263,0.003226,-0.000963
2005-05-19,NaN,0.003227,NaN
2005-05-20,NaN,0.003229,NaN
2005-05-21,0.002790,0.003231,-0.000441
2005-05-22,NaN,0.003232,NaN
2005-05-23,NaN,0.003234,NaN
2005-05-24,NaN,0.003236,NaN
2005-05-25,NaN,0.003237,NaN
2005-05-26,0.001624,0.003239,-0.001615
2005-05-27,0.002962,0.003240,-0.000278
2005-05-28,0.002905,0.003242,-0.000337
2005-05-29,0.005616,0.003244,0.002372
2005-05-30,NaN,0.003245,NaN
2005-05-31,NaN,0.003247,NaN
2005-06-01,NaN,0.003249,NaN
2005-06-02,NaN,0.003250,NaN
2005-06-03,NaN,0.003252,NaN
2005-06-04,NaN,0.003253,NaN
2005-06-05,0.002778,0.003255,-0.000477
2005-06-06,NaN,0.003257,NaN
2005-06-07,0.002040,0.003258,-0.001218
2005-06-08,NaN,0.003260,NaN
2005-06-09,NaN,0.003262,NaN
2005-06-10,NaN,0.003263,NaN
2005-06-11,NaN,0.003265,NaN
2005-06-12,0.002122,0.003266,-0.001144
2005-06-13,0.003204,0.003268,-0.000064
2005-06-14,NaN,0.003270,NaN
2005-06-15,0.002258,0.003271,-0.001013
2005-06-16,0.005094,0.003268,0.001826
2005-06-17,NaN,0.003264,NaN
2005-06-18,NaN,0.003261,NaN
2005-06-19,NaN,0.003257,NaN
2005-06-20,NaN,0.003254,NaN
2005-06-21,NaN,0.003250,NaN
2005-06-22,NaN,0.003247,NaN
2005-06-23,NaN,0.003243,NaN
2005-06-24,0.001742,0.003240,-0.001498
2005-06-25,NaN,0.003236,NaN
2005-06-26,NaN,0.003233,NaN
2005-06-27,NaN,0.003229,NaN
2005-06-28,NaN,0.003226,NaN
2005-06-29,NaN,0.003222,NaN
2005-06-30,0.004476,0.003219,0.001257
2005-07-01,NaN,0.003215,NaN
2005-07-02,NaN,0.003212,NaN
2005-07-03,NaN,0.003208,NaN
2005-07-04,NaN,0.003205,NaN
2005-07-05,NaN,0.003201,NaN
2005-07-06,0.001418,0.003198,-0.001780
2005-07-07,0.002453,0.003194,-0.000741
2005-07-08,NaN,0.003191,NaN
2005-07-09,NaN,0.003188,NaN
2005-07-10,NaN,0.003184,NaN
2005-07-11,NaN,0.003181,NaN
2005-07-12,NaN,0.003177,NaN
2005-07-13,NaN,0.003174,NaN
2005-07-14,0.002392,0.003170,-0.000778
2005-07-15,NaN,0.003167,NaN
2005-07-16,0.002966,0.003160,-0.000194
2005-07-17,NaN,0.003154,NaN
2005-07-18,NaN,0.003148,NaN
2005-07-19,NaN,0.003141,NaN
2005-07-20,NaN,0.003135,NaN
2005-07-21,NaN,0.003129,NaN
2005-07-22,NaN,0.003122,NaN
2005-07-23,0.002294,0.003116,-0.000822
2005-07-24,NaN,0.003110,NaN
2005-07-25,0.002352,0.003103,-0.000751
2005-07-26,NaN,0.003097,NaN
2005-07-27,NaN,0.003091,NaN
2005-07-28,0.002176,0.003085,-0.000909
2005-07-29,NaN,0.003078,NaN
2005-07-30,0.005392,0.003072,0.002320
2005-07-31,NaN,0.003066,NaN
2005-08-01,0.002355,0.003059,-0.000704
2005-08-02,NaN,0.003053,NaN
2005-08-03,NaN,0.003047,NaN
2005-08-04,NaN,0.003040,NaN
2005-08-05,NaN,0.003034,NaN
2005-08-06,NaN,0.003028,NaN
2005-08-07,NaN,0.003021,NaN
2005-08-08,NaN,0.003015,NaN
2005-08-09,NaN,0.003009,NaN
2005-08-10,0.002764,0.003002,-0.000238
2005-08-11,NaN,0.002996,NaN
2005-08-12,NaN,0.002990,NaN
2005-08-13,0.002030,0.002984,-0.000954
2005-08-14,NaN,0.002977,NaN
2005-08-15,0.003920,0.002971,0.000949
2005-08-16,NaN,0.002972,NaN
2005-08-17,NaN,0.002973,NaN
2005-08-18,0.001156,0.002974,-0.001818
2005-08-19,NaN,0.002974,NaN
2005-08-20,0.001338,0.002975,-0.001637
2005-08-21,NaN,0.002976,NaN
2005-08-22,0.002020,0.002977,-0.000957
2005-08-23,0.003967,0.002978,0.000989
2005-08-24,0.005840,0.002979,0.002861
2005-08-25,NaN,0.002980,NaN
2005-08-26,NaN,0.002980,NaN
2005-08-27,NaN,0.002981,NaN
2005-08-28,NaN,0.002982,NaN
2005-08-29,0.002038,0.002983,-0.000945
2005-08-30,0.003600,0.002984,0.000616
2005-08-31,0.002080,0.002985,-0.000905
2005-09-01,0.003493,0.002986,0.000507
2005-09-02,0.001612,0.002986,-0.001374
2005-09-03,NaN,0.002987,NaN
2005-09-04,NaN,0.002988,NaN
2005-09-05,NaN,0.002989,NaN
2005-09-06,NaN,0.002990,NaN
2005-09-07,0.004332,0.002991,0.001341
2005-09-08,0.001750,0.002992,-0.001242
2005-09-09,0.004128,0.002992,0.001136
2005-09-10,NaN,0.002993,NaN
2005-09-11,0.004374,0.002994,0.001380
2005-09-12,NaN,0.002995,NaN
2005-09-13,0.003512,0.002996,0.000516
2005-09-14,0.002826,0.002997,-0.000171
2005-09-15,0.003522,0.002998,0.000524
2005-09-16,0.002054,0.003023,-0.000969
2005-09-17,0.001828,0.003047,-0.001219
2005-09-18,0.005184,0.003072,0.002112
2005-09-19,NaN,0.003097,NaN
2005-09-20,NaN,0.003122,NaN
2005-09-21,NaN,0.003147,NaN
2005-09-22,NaN,0.003172,NaN
2005-09-23,NaN,0.003197,NaN
2005-09-24,NaN,0.003221,NaN
2005-09-25,0.002241,0.003246,-0.001005
2005-09-26,NaN,0.003271,NaN
2005-09-27,0.001054,0.003296,-0.002242
2005-09-28,NaN,0.003321,NaN
2005-09-29,NaN,0.003346,NaN
2005-09-30,NaN,0.003371,NaN
2005-10-01,NaN,0.003395,NaN
2005-10-02,NaN,0.003420,NaN
2005-10-03,NaN,0.003445,NaN
2005-10-04,NaN,0.003470,NaN
2005-10-05,NaN,0.003495,NaN
2005-10-06,NaN,0.003520,NaN
2005-10-07,NaN,0.003545,NaN
2005-10-08,0.001738,0.003569,-0.001831
2005-10-09,0.001632,0.003594,-0.001962
2005-10-10,0.002011,0.003619,-0.001608
2005-10-11,0.005192,0.003644,0.001548
2005-10-12,0.001221,0.003669,-0.002448
2005-10-13,0.001728,0.003694,-0.001966
2005-10-14,0.003010,0.003719,-0.000709
2005-10-15,NaN,0.003744,NaN
2005-10-16,NaN,0.003757,NaN
2005-10-17,0.003468,0.003770,-0.000302
2005-10-18,0.002018,0.003783,-0.001765
2005-10-19,0.001242,0.003797,-0.002555
2005-10-20,NaN,0.003810,NaN
2005-10-21,NaN,0.003823,NaN
2005-10-22,NaN,0.003836,NaN
2005-10-23,NaN,0.003850,NaN
2005-10-24,NaN,0.003863,NaN
2005-10-25,NaN,0.003876,NaN
2005-10-26,0.008299,0.003890,0.004409
2005-10-27,NaN,0.003903,NaN
2005-10-28,NaN,0.003916,NaN
2005-10-29,NaN,0.003929,NaN
2005-10-30,NaN,0.003943,NaN
2005-10-31,NaN,0.003956,NaN
2005-11-01,NaN,0.003969,NaN
2005-11-02,0.007708,0.003982,0.003726
2005-11-03,0.007716,0.003996,0.003720
2005-11-04,NaN,0.004009,NaN
2005-11-05,0.009696,0.004022,0.005674
2005-11-06,0.006040,0.004036,0.002004
2005-11-07,0.008004,0.004049,0.003955
2005-11-08,0.005056,0.004062,0.000994
2005-11-09,0.007050,0.004075,0.002975
2005-11-10,0.006344,0.004089,0.002255
2005-11-11,0.004810,0.004102,0.000708
2005-11-12,0.006398,0.004115,0.002283
2005-11-13,NaN,0.004128,NaN
2005-11-14,0.006228,0.004142,0.002086
2005-11-15,NaN,0.004155,NaN
2005-11-16,0.007552,0.004158,0.003394
2005-11-17,NaN,0.004160,NaN
2005-11-18,NaN,0.004163,NaN
2005-11-19,NaN,0.004166,NaN
2005-11-20,NaN,0.004168,NaN
2005-11-21,NaN,0.004171,NaN
2005-11-22,NaN,0.004174,NaN
2005-11-23,0.011464,0.004176,0.007288
2005-11-24,0.006298,0.004179,0.002119
2005-11-25,0.005124,0.004182,0.000942
2005-11-26,0.003965,0.004184,-0.000219
2005-11-27,0.005142,0.004187,0.000955
2005-11-28,0.003978,0.004190,-0.000212
2005-11-29,NaN,0.004192,NaN
2005-11-30,0.003004,0.004195,-0.001191
2005-12-02,0.004492,0.004200,0.000292
2005-12-03,0.003936,0.004203,-0.000267
2005-12-04,0.002350,0.004205,-0.001855
2005-12-05,0.005312,0.004208,0.001104
2005-12-06,NaN,0.004211,NaN
2005-12-07,NaN,0.004213,NaN
2005-12-08,NaN,0.004216,NaN
2005-12-09,0.004562,0.004219,0.000343
2005-12-10,0.003008,0.004221,-0.001213
2005-12-11,0.004236,0.004224,0.000012
2005-12-12,0.004098,0.004227,-0.000129
2005-12-13,0.004864,0.004229,0.000635
2005-12-14,0.005054,0.004232,0.000822
2005-12-15,NaN,0.004235,NaN
2005-12-16,NaN,0.004250,NaN
2005-12-17,NaN,0.004265,NaN
2005-12-18,NaN,0.004280,NaN
2005-12-19,NaN,0.004295,NaN
2005-12-20,NaN,0.004310,NaN
2005-12-21,0.003106,0.004326,-0.001220
2005-12-22,NaN,0.004341,NaN
2005-12-23,0.004768,0.004356,0.000412
2005-12-24,NaN,0.004371,NaN
2005-12-25,0.002996,0.004386,-0.001390
2005-12-26,0.003450,0.004401,-0.000951
2005-12-27,0.003587,0.004417,-0.000830
2005-12-28,0.003392,0.004432,-0.001040
2005-12-30,0.003384,0.004462,-0.001078
2005-12-31,0.002416,0.004477,-0.002061
2006-01-01,0.003644,0.004492,-0.000848
2006-01-02,0.002444,0.004507,-0.002063
2006-01-03,0.003918,0.004523,-0.000605
2006-01-04,0.003376,0.004538,-0.001162
2006-01-05,0.003754,0.004553,-0.000799
2006-01-06,NaN,0.004568,NaN
2006-01-07,0.006176,0.004583,0.001593
2006-01-08,0.005774,0.004598,0.001176
2006-01-09,NaN,0.004614,NaN
2006-01-10,0.003333,0.004629,-0.001296
2006-01-11,NaN,0.004644,NaN
2006-01-12,0.003611,0.004659,-0.001048
2006-01-13,NaN,0.004674,NaN
2006-01-14,NaN,0.004689,NaN
2006-01-15,NaN,0.004704,NaN
2006-01-16,0.007940,0.004694,0.003246
2006-01-17,0.006500,0.004684,0.001816
2006-01-18,NaN,0.004673,NaN
2006-01-19,NaN,0.004663,NaN
2006-01-20,NaN,0.004652,NaN
2006-01-21,NaN,0.004642,NaN
2006-01-22,NaN,0.004632,NaN
2006-01-23,0.003262,0.004621,-0.001359
2006-01-24,0.005800,0.004611,0.001189
2006-01-25,NaN,0.004600,NaN
2006-01-26,0.006498,0.004590,0.001908
2006-01-27,NaN,0.004580,NaN
2006-01-28,0.004284,0.004569,-0.000285
2006-01-29,0.003830,0.004559,-0.000729
2006-01-30,0.003420,0.004548,-0.001128
2006-01-31,NaN,0.004538,NaN
2006-02-01,NaN,0.004528,NaN
2006-02-02,NaN,0.004517,NaN
2006-02-03,NaN,0.004507,NaN
2006-02-04,NaN,0.004496,NaN
2006-02-05,0.005444,0.004486,0.000958
2006-02-06,0.005090,0.004475,0.000615
2006-02-07,0.004624,0.004465,0.000159
2006-02-08,0.003870,0.004455,-0.000585
2006-02-09,0.004548,0.004444,0.000104
2006-02-10,0.003614,0.004434,-0.000820
2006-02-11,0.003140,0.004423,-0.001283
2006-02-12,NaN,0.004413,NaN
2006-02-13,0.003689,0.004403,-0.000714
2006-02-14,0.004650,0.004392,0.000258
2006-02-15,0.004796,0.004382,0.000414
2006-02-16,0.006404,0.004367,0.002037
2006-02-17,0.002510,0.004353,-0.001843
2006-02-18,0.004580,0.004338,0.000242
2006-02-19,0.003544,0.004323,-0.000779
2006-02-20,0.004282,0.004309,-0.000027
2006-02-21,0.003359,0.004294,-0.000935
2006-02-22,0.003906,0.004280,-0.000374
2006-02-23,0.003264,0.004265,-0.001001
2006-02-24,0.003420,0.004250,-0.000830
2006-02-25,0.006998,0.004236,0.002762
2006-02-26,NaN,0.004221,NaN
2006-02-27,0.007401,0.004207,0.003194
2006-02-28,0.006400,0.004192,0.002208
2006-03-01,0.004124,0.004177,-0.000053
2006-03-02,0.003554,0.004163,-0.000609
2006-03-03,NaN,0.004148,NaN
2006-03-04,0.004234,0.004134,0.000100
2006-03-05,0.004330,0.004119,0.000211
2006-03-06,0.004560,0.004104,0.000456
2006-03-07,NaN,0.004090,NaN
2006-03-08,NaN,0.004075,NaN
2006-03-09,NaN,0.004061,NaN
2006-03-10,0.004138,0.004046,0.000092
2006-03-11,0.005145,0.004031,0.001114
2006-03-12,0.002534,0.004017,-0.001483
2006-03-13,0.005692,0.004002,0.001690
2006-03-14,0.005146,0.003988,0.001158
2006-03-15,NaN,0.003973,NaN
2006-03-16,0.003020,0.003958,-0.000938
2006-03-17,0.003632,0.003943,-0.000311
2006-03-18,0.003188,0.003928,-0.000740
2006-03-19,NaN,0.003913,NaN
2006-03-20,0.002644,0.003899,-0.001255
2006-03-21,0.002894,0.003884,-0.000990
2006-03-22,0.005092,0.003869,0.001223
2006-03-23,NaN,0.003854,NaN
2006-03-24,NaN,0.003839,NaN
2006-03-25,0.003774,0.003824,-0.000050
2006-03-26,0.004826,0.003809,0.001017
2006-03-27,0.004790,0.003794,0.000996
2006-03-28,NaN,0.003779,NaN
2006-03-29,0.004255,0.003765,0.000490
2006-03-30,0.002136,0.003750,-0.001614
2006-03-31,NaN,0.003735,NaN
2006-04-01,0.001856,0.003720,-0.001864
2006-04-02,NaN,0.003705,NaN
2006-04-03,0.004175,0.003690,0.000485
2006-04-04,0.003303,0.003675,-0.000372
2006-04-05,0.003858,0.003660,0.000198
2006-04-06,0.002406,0.003645,-0.001239
2006-04-07,0.003854,0.003631,0.000223
2006-04-08,NaN,0.003616,NaN
2006-04-09,NaN,0.003601,NaN
2006-04-10,NaN,0.003586,NaN
2006-04-11,NaN,0.003571,NaN
2006-04-12,0.004086,0.003556,0.000530
2006-04-13,0.003096,0.003541,-0.000445
2006-04-14,0.003315,0.003526,-0.000211
2006-04-15,0.003097,0.003511,-0.000414
2006-04-16,NaN,0.003502,NaN
2006-04-17,0.002826,0.003492,-0.000666
2006-04-18,NaN,0.003482,NaN
2006-04-19,0.002962,0.003473,-0.000511
2006-04-20,0.002864,0.003463,-0.000599
2006-04-21,NaN,0.003453,NaN
2006-04-22,NaN,0.003444,NaN
2006-04-23,0.004678,0.003434,0.001244
2006-04-24,0.002154,0.003424,-0.001270
2006-04-25,NaN,0.003415,NaN
2006-04-26,NaN,0.003405,NaN
2006-04-27,NaN,0.003395,NaN
2006-04-28,0.003220,0.003386,-0.000166
2006-04-29,NaN,0.003376,NaN
2006-04-30,NaN,0.003366,NaN
2006-05-01,0.002900,0.003356,-0.000456
2006-05-02,NaN,0.003347,NaN
2006-05-03,0.001988,0.003337,-0.001349
2006-05-04,NaN,0.003327,NaN
2006-05-05,0.003021,0.003318,-0.000297
2006-05-06,0.002964,0.003308,-0.000344
2006-05-07,0.003684,0.003298,0.000386
2006-05-08,NaN,0.003289,NaN
2006-05-09,0.003612,0.003279,0.000333
2006-05-10,NaN,0.003269,NaN
2006-05-11,NaN,0.003260,NaN
2006-05-12,NaN,0.003250,NaN
2006-05-13,NaN,0.003240,NaN
2006-05-14,0.002906,0.003231,-0.000325
2006-05-15,NaN,0.003221,NaN
2006-05-16,NaN,0.003223,NaN
2006-05-17,0.001244,0.003224,-0.001980
2006-05-18,NaN,0.003226,NaN
2006-05-19,0.002260,0.003227,-0.000967
2006-05-20,NaN,0.003229,NaN
2006-05-21,0.001800,0.003231,-0.001431
2006-05-22,NaN,0.003232,NaN
2006-05-23,0.007098,0.003234,0.003864
2006-05-24,NaN,0.003236,NaN
2006-05-25,NaN,0.003237,NaN
2006-05-26,NaN,0.003239,NaN
2006-05-27,NaN,0.003240,NaN
2006-05-28,0.002041,0.003242,-0.001201
2006-05-29,0.002246,0.003244,-0.000998
2006-05-30,0.002696,0.003245,-0.000549
2006-05-31,0.002228,0.003247,-0.001019
2006-06-01,0.005836,0.003249,0.002587
2006-06-02,0.002368,0.003250,-0.000882
2006-06-03,NaN,0.003252,NaN
2006-06-04,0.002694,0.003253,-0.000559
2006-06-05,NaN,0.003255,NaN
2006-06-06,0.003504,0.003257,0.000247
2006-06-07,0.004530,0.003258,0.001272
2006-06-08,0.003998,0.003260,0.000738
2006-06-09,NaN,0.003262,NaN
2006-06-10,NaN,0.003263,NaN
2006-06-11,NaN,0.003265,NaN
2006-06-12,NaN,0.003266,NaN
2006-06-13,NaN,0.003268,NaN
2006-06-14,0.002903,0.003270,-0.000367
2006-06-15,0.003340,0.003271,0.000069
2006-06-16,0.002398,0.003268,-0.000870
2006-06-17,NaN,0.003264,NaN
2006-06-18,NaN,0.003261,NaN
2006-06-19,NaN,0.003257,NaN
2006-06-20,NaN,0.003254,NaN
2006-06-21,NaN,0.003250,NaN
2006-06-22,0.003051,0.003247,-0.000196
2006-06-23,0.002262,0.003243,-0.000981
2006-06-24,0.004166,0.003240,0.000926
2006-06-25,NaN,0.003236,NaN
2006-06-26,NaN,0.003233,NaN
2006-06-27,0.002280,0.003229,-0.000949
2006-06-28,NaN,0.003226,NaN
2006-06-29,NaN,0.003222,NaN
2006-06-30,NaN,0.003219,NaN
2006-07-01,NaN,0.003215,NaN
2006-07-02,NaN,0.003212,NaN
2006-07-03,NaN,0.003208,NaN
2006-07-04,0.002474,0.003205,-0.000731
2006-07-05,NaN,0.003201,NaN
2006-07-06,NaN,0.003198,NaN
2006-07-07,NaN,0.003194,NaN
2006-07-08,NaN,0.003191,NaN
2006-07-09,NaN,0.003188,NaN
2006-07-10,NaN,0.003184,NaN
2006-07-11,NaN,0.003181,NaN
2006-07-12,NaN,0.003177,NaN
2006-07-13,NaN,0.003174,NaN
2006-07-14,NaN,0.003170,NaN
2006-07-15,0.002344,0.003167,-0.000823
2006-07-16,0.001847,0.003160,-0.001313
2006-07-17,0.002766,0.003154,-0.000388
2006-07-18,NaN,0.003148,NaN
2006-07-19,NaN,0.003141,NaN
2006-07-20,NaN,0.003135,NaN
2006-07-21,NaN,0.003129,NaN
2006-07-22,NaN,0.003122,NaN
2006-07-23,NaN,0.003116,NaN
2006-07-24,0.001432,0.003110,-0.001678
2006-07-25,0.003612,0.003103,0.000509
2006-07-26,0.003502,0.003097,0.000405
2006-07-27,NaN,0.003091,NaN
2006-07-28,NaN,0.003085,NaN
2006-07-29,NaN,0.003078,NaN
2006-07-30,NaN,0.003072,NaN
2006-07-31,NaN,0.003066,NaN
2006-08-01,NaN,0.003059,NaN
2006-08-02,0.005050,0.003053,0.001997
2006-08-03,NaN,0.003047,NaN
2006-08-04,NaN,0.003040,NaN
2006-08-05,NaN,0.003034,NaN
2006-08-06,NaN,0.003028,NaN
2006-08-07,0.001286,0.003021,-0.001735
2006-08-08,NaN,0.003015,NaN
2006-08-09,NaN,0.003009,NaN
2006-08-10,0.002500,0.003002,-0.000502
2006-08-11,0.001676,0.002996,-0.001320
2006-08-12,NaN,0.002990,NaN
2006-08-13,0.003176,0.002984,0.000192
2006-08-14,NaN,0.002977,NaN
2006-08-15,NaN,0.002971,NaN
2006-08-16,NaN,0.002972,NaN
2006-08-17,NaN,0.002973,NaN
2006-08-18,0.001721,0.002974,-0.001253
2006-08-19,NaN,0.002974,NaN
2006-08-20,NaN,0.002975,NaN
2006-08-21,NaN,0.002976,NaN
2006-08-22,NaN,0.002977,NaN
2006-08-23,0.001836,0.002978,-0.001142
2006-08-24,NaN,0.002979,NaN
2006-08-25,NaN,0.002980,NaN
2006-08-26,0.002702,0.002980,-0.000278
2006-08-27,0.002916,0.002981,-0.000065
2006-08-28,0.001350,0.002982,-0.001632
2006-08-29,NaN,0.002983,NaN
2006-08-30,NaN,0.002984,NaN
2006-08-31,NaN,0.002985,NaN
2006-09-01,NaN,0.002986,NaN
2006-09-02,NaN,0.002986,NaN
2006-09-03,NaN,0.002987,NaN
2006-09-04,NaN,0.002988,NaN
2006-09-05,NaN,0.002989,NaN
2006-09-06,NaN,0.002990,NaN
2006-09-07,0.002054,0.002991,-0.000937
2006-09-08,NaN,0.002992,NaN
2006-09-09,NaN,0.002992,NaN
2006-09-10,0.001972,0.002993,-0.001021
2006-09-11,0.003707,0.002994,0.000713
2006-09-12,0.002823,0.002995,-0.000172
2006-09-13,NaN,0.002996,NaN
2006-09-14,NaN,0.002997,NaN
2006-09-15,NaN,0.002998,NaN
2006-09-16,NaN,0.003023,NaN
2006-09-17,0.001388,0.003047,-0.001659
2006-09-18,NaN,0.003072,NaN
2006-09-19,NaN,0.003097,NaN
2006-09-20,NaN,0.003122,NaN
2006-09-21,0.003102,0.003147,-0.000045
2006-09-22,NaN,0.003172,NaN
2006-09-23,0.003656,0.003197,0.000459
2006-09-24,NaN,0.003221,NaN
2006-09-25,0.002320,0.003246,-0.000926
2006-09-26,NaN,0.003271,NaN
2006-09-27,NaN,0.003296,NaN
2006-09-28,NaN,0.003321,NaN
2006-09-29,NaN,0.003346,NaN
2006-09-30,0.003158,0.003371,-0.000213
2006-10-01,NaN,0.003395,NaN
2006-10-02,NaN,0.003420,NaN
2006-10-03,NaN,0.003445,NaN
2006-10-04,NaN,0.003470,NaN
2006-10-05,0.004644,0.003495,0.001149
2006-10-06,NaN,0.003520,NaN
2006-10-07,0.003268,0.003545,-0.000277
2006-10-08,NaN,0.003569,NaN
2006-10-09,NaN,0.003594,NaN
2006-10-10,0.003280,0.003619,-0.000339
2006-10-11,0.001858,0.003644,-0.001786
2006-10-12,NaN,0.003669,NaN
2006-10-13,0.001906,0.003694,-0.001788
2006-10-14,0.002940,0.003719,-0.000779
2006-10-15,NaN,0.003744,NaN
2006-10-16,0.002452,0.003757,-0.001305
2006-10-17,NaN,0.003770,NaN
2006-10-18,0.003517,0.003783,-0.000266
2006-10-19,0.003332,0.003797,-0.000465
2006-10-20,0.003078,0.003810,-0.000732
2006-10-21,0.004645,0.003823,0.000822
2006-10-22,0.001327,0.003836,-0.002509
2006-10-23,NaN,0.003850,NaN
2006-10-24,NaN,0.003863,NaN
2006-10-25,0.005122,0.003876,0.001246
2006-10-26,0.003010,0.003890,-0.000880
2006-10-27,0.003892,0.003903,-0.000011
2006-10-28,NaN,0.003916,NaN
2006-10-29,0.003044,0.003929,-0.000885
2006-10-30,0.003100,0.003943,-0.000843
2006-10-31,0.002342,0.003956,-0.001614
2006-11-01,NaN,0.003969,NaN
2006-11-02,NaN,0.003982,NaN
2006-11-03,NaN,0.003996,NaN
2006-11-04,NaN,0.004009,NaN
2006-11-05,0.003924,0.004022,-0.000098
2006-11-06,0.003921,0.004036,-0.000115
2006-11-07,NaN,0.004049,NaN
2006-11-08,0.003160,0.004062,-0.000902
2006-11-09,0.002162,0.004075,-0.001913
2006-11-10,0.003158,0.004089,-0.000931
2006-11-11,0.002244,0.004102,-0.001858
2006-11-12,NaN,0.004115,NaN
2006-11-13,NaN,0.004128,NaN
2006-11-14,NaN,0.004142,NaN
2006-11-15,0.002794,0.004155,-0.001361
2006-11-16,NaN,0.004158,NaN
2006-11-17,NaN,0.004160,NaN
2006-11-18,NaN,0.004163,NaN
2006-11-19,0.003274,0.004166,-0.000892
2006-11-20,NaN,0.004168,NaN
2006-11-21,0.003276,0.004171,-0.000895
2006-11-22,0.002666,0.004174,-0.001508
2006-11-23,0.002274,0.004176,-0.001902
2006-11-24,0.003530,0.004179,-0.000649
2006-11-25,NaN,0.004182,NaN
2006-11-26,0.002439,0.004184,-0.001745
2006-11-27,0.002856,0.004187,-0.001331
2006-11-28,NaN,0.004190,NaN
2006-11-29,0.002117,0.004192,-0.002075
2006-11-30,NaN,0.004195,NaN
2006-12-01,NaN,0.004197,NaN
2006-12-02,0.002428,0.004200,-0.001772
2006-12-03,0.002135,0.004203,-0.002068
2006-12-04,0.003118,0.004205,-0.001087
2006-12-05,0.004056,0.004208,-0.000152
2006-12-06,0.002490,0.004211,-0.001721
2006-12-07,0.003054,0.004213,-0.001159
2006-12-08,NaN,0.004216,NaN
2006-12-09,NaN,0.004219,NaN
2006-12-10,NaN,0.004221,NaN
2006-12-11,NaN,0.004224,NaN
2006-12-12,NaN,0.004227,NaN
2006-12-13,NaN,0.004229,NaN
2006-12-14,NaN,0.004232,NaN
2006-12-15,NaN,0.004235,NaN
2006-12-16,NaN,0.004250,NaN
2006-12-17,NaN,0.004265,NaN
2006-12-18,NaN,0.004280,NaN
2006-12-19,0.004082,0.004295,-0.000213
2006-12-20,NaN,0.004310,NaN
2006-12-21,NaN,0.004326,NaN
2006-12-22,NaN,0.004341,NaN
2006-12-23,NaN,0.004356,NaN
2006-12-24,NaN,0.004371,NaN
2006-12-25,NaN,0.004386,NaN
2006-12-26,NaN,0.004401,NaN
2006-12-27,0.003510,0.004417,-0.000907
2006-12-28,0.004428,0.004432,-0.000004
2006-12-29,NaN,0.004447,NaN
2006-12-30,0.004080,0.004462,-0.000382
2006-12-31,NaN,0.004477,NaN
2007-01-01,0.004678,0.004492,0.000186
2007-01-02,NaN,0.004507,NaN
2007-01-03,0.002314,0.004523,-0.002209
2007-01-04,0.005782,0.004538,0.001244
2007-01-05,NaN,0.004553,NaN
2007-01-06,0.002735,0.004568,-0.001833
2007-01-07,NaN,0.004583,NaN
2007-01-08,0.003096,0.004598,-0.001502
2007-01-09,NaN,0.004614,NaN
2007-01-10,NaN,0.004629,NaN
2007-01-11,0.002512,0.004644,-0.002132
2007-01-12,NaN,0.004659,NaN
2007-01-13,0.003586,0.004674,-0.001088
2007-01-14,NaN,0.004689,NaN
2007-01-15,NaN,0.004704,NaN
2007-01-16,0.003462,0.004694,-0.001232
2007-01-17,0.001488,0.004684,-0.003196
2007-01-18,0.001894,0.004673,-0.002779
2007-01-19,0.002383,0.004663,-0.002280
2007-01-20,NaN,0.004652,NaN
2007-01-21,NaN,0.004642,NaN
2007-01-22,0.001825,0.004632,-0.002807
2007-01-23,0.003778,0.004621,-0.000843
2007-01-24,NaN,0.004611,NaN
2007-01-25,NaN,0.004600,NaN
2007-01-26,NaN,0.004590,NaN
2007-01-27,0.005288,0.004580,0.000708
2007-01-28,NaN,0.004569,NaN
2007-01-29,0.006058,0.004559,0.001499
2007-01-30,NaN,0.004548,NaN
2007-01-31,0.004460,0.004538,-0.000078
2007-02-01,NaN,0.004528,NaN
2007-02-02,NaN,0.004517,NaN
2007-02-03,NaN,0.004507,NaN
2007-02-04,NaN,0.004496,NaN
2007-02-05,NaN,0.004486,NaN
2007-02-06,NaN,0.004475,NaN
2007-02-07,NaN,0.004465,NaN
2007-02-08,0.004560,0.004455,0.000105
2007-02-09,0.003384,0.004444,-0.001060
2007-02-10,NaN,0.004434,NaN
2007-02-11,NaN,0.004423,NaN
2007-02-12,NaN,0.004413,NaN
2007-02-13,0.003774,0.004403,-0.000629
2007-02-14,0.002778,0.004392,-0.001614
2007-02-15,NaN,0.004382,NaN
2007-02-16,NaN,0.004367,NaN
2007-02-17,0.003316,0.004353,-0.001037
2007-02-18,NaN,0.004338,NaN
2007-02-19,0.007804,0.004323,0.003481
2007-02-20,NaN,0.004309,NaN
2007-02-21,0.003456,0.004294,-0.000838
2007-02-22,0.002734,0.004280,-0.001546
2007-02-23,0.003804,0.004265,-0.000461
2007-02-24,0.003774,0.004250,-0.000476
2007-02-25,0.003063,0.004236,-0.001173
2007-02-26,NaN,0.004221,NaN
2007-02-27,NaN,0.004207,NaN
2007-02-28,0.003656,0.004192,-0.000536
2007-03-01,NaN,0.004177,NaN
2007-03-02,NaN,0.004163,NaN
2007-03-03,NaN,0.004148,NaN
2007-03-04,0.002224,0.004134,-0.001910
2007-03-05,NaN,0.004119,NaN
2007-03-06,0.004620,0.004104,0.000516
2007-03-07,0.001945,0.004090,-0.002145
2007-03-08,0.002198,0.004075,-0.001877
2007-03-09,0.005334,0.004061,0.001273
2007-03-10,0.003716,0.004046,-0.000330
2007-03-11,NaN,0.004031,NaN
2007-03-12,NaN,0.004017,NaN
2007-03-13,0.004796,0.004002,0.000794
2007-03-14,NaN,0.003988,NaN
2007-03-15,NaN,0.003973,NaN
2007-03-16,0.003158,0.003958,-0.000800
2007-03-17,0.003510,0.003943,-0.000433
2007-03-18,NaN,0.003928,NaN
2007-03-19,0.003010,0.003913,-0.000903
2007-03-20,NaN,0.003899,NaN
2007-03-21,0.002638,0.003884,-0.001246
2007-03-22,NaN,0.003869,NaN
2007-03-23,0.004328,0.003854,0.000474
2007-03-24,0.003860,0.003839,0.000021
2007-03-25,0.003574,0.003824,-0.000250
2007-03-26,NaN,0.003809,NaN
2007-03-27,NaN,0.003794,NaN
2007-03-28,0.002442,0.003779,-0.001337
2007-03-29,0.005018,0.003765,0.001253
2007-03-30,0.003537,0.003750,-0.000213
2007-03-31,NaN,0.003735,NaN
2007-04-01,0.002460,0.003720,-0.001260
2007-04-02,0.001980,0.003705,-0.001725
2007-04-03,NaN,0.003690,NaN
2007-04-04,NaN,0.003675,NaN
2007-04-05,NaN,0.003660,NaN
2007-04-06,0.003742,0.003645,0.000097
2007-04-07,0.004634,0.003631,0.001003
2007-04-08,0.004262,0.003616,0.000646
2007-04-09,NaN,0.003601,NaN
2007-04-10,NaN,0.003586,NaN
2007-04-11,NaN,0.003571,NaN
2007-04-12,NaN,0.003556,NaN
2007-04-13,0.003322,0.003541,-0.000219
2007-04-14,NaN,0.003526,NaN
2007-04-15,NaN,0.003511,NaN
2007-04-16,0.007558,0.003502,0.004056
2007-04-17,0.005264,0.003492,0.001772
2007-04-18,0.003066,0.003482,-0.000416
2007-04-19,NaN,0.003473,NaN
2007-04-20,NaN,0.003463,NaN
2007-04-21,NaN,0.003453,NaN
2007-04-22,0.003216,0.003444,-0.000228
2007-04-23,NaN,0.003434,NaN
2007-04-24,0.002902,0.003424,-0.000522
2007-04-25,NaN,0.003415,NaN
2007-04-26,0.002914,0.003405,-0.000491
2007-04-27,NaN,0.003395,NaN
2007-04-28,NaN,0.003386,NaN
2007-04-29,0.003192,0.003376,-0.000184
2007-04-30,NaN,0.003366,NaN
2007-05-01,0.002878,0.003356,-0.000478
2007-05-02,NaN,0.003347,NaN
2007-05-03,0.003578,0.003337,0.000241
2007-05-04,0.002664,0.003327,-0.000663
2007-05-05,NaN,0.003318,NaN
2007-05-06,0.002244,0.003308,-0.001064
2007-05-07,NaN,0.003298,NaN
2007-05-08,0.003820,0.003289,0.000531
2007-05-09,NaN,0.003279,NaN
2007-05-10,0.003710,0.003269,0.000441
2007-05-11,NaN,0.003260,NaN
2007-05-12,NaN,0.003250,NaN
2007-05-13,NaN,0.003240,NaN
2007-05-14,NaN,0.003231,NaN
2007-05-15,NaN,0.003221,NaN
2007-05-16,NaN,0.003223,NaN
2007-05-17,0.002758,0.003224,-0.000466
2007-05-18,NaN,0.003226,NaN
2007-05-19,0.002776,0.003227,-0.000451
2007-05-20,NaN,0.003229,NaN
2007-05-21,NaN,0.003231,NaN
2007-05-22,NaN,0.003232,NaN
2007-05-23,NaN,0.003234,NaN
2007-05-24,NaN,0.003236,NaN
2007-05-25,NaN,0.003237,NaN
2007-05-26,NaN,0.003239,NaN
2007-05-27,0.002828,0.003240,-0.000412
2007-05-28,NaN,0.003242,NaN
2007-05-29,NaN,0.003244,NaN
2007-05-30,NaN,0.003245,NaN
2007-05-31,NaN,0.003247,NaN
2007-06-01,NaN,0.003249,NaN
2007-06-02,NaN,0.003250,NaN
2007-06-03,0.002604,0.003252,-0.000648
2007-06-04,0.004718,0.003253,0.001465
2007-06-05,NaN,0.003255,NaN
2007-06-06,NaN,0.003257,NaN
2007-06-07,NaN,0.003258,NaN
2007-06-08,NaN,0.003260,NaN
2007-06-09,NaN,0.003262,NaN
2007-06-10,0.002388,0.003263,-0.000875
2007-06-11,0.003568,0.003265,0.000303
2007-06-12,0.002650,0.003266,-0.000616
2007-06-13,0.003110,0.003268,-0.000158
2007-06-14,NaN,0.003270,NaN
2007-06-15,NaN,0.003271,NaN
2007-06-16,0.003072,0.003268,-0.000196
2007-06-17,NaN,0.003264,NaN
2007-06-18,NaN,0.003261,NaN
2007-06-19,0.002330,0.003257,-0.000927
2007-06-20,0.003728,0.003254,0.000474
2007-06-21,NaN,0.003250,NaN
2007-06-22,NaN,0.003247,NaN
2007-06-23,NaN,0.003243,NaN
2007-06-24,NaN,0.003240,NaN
2007-06-25,NaN,0.003236,NaN
2007-06-26,0.003508,0.003233,0.000275
2007-06-27,NaN,0.003229,NaN
2007-06-28,NaN,0.003226,NaN
2007-06-29,0.003814,0.003222,0.000592
2007-06-30,NaN,0.003219,NaN
2007-07-01,NaN,0.003215,NaN
2007-07-02,NaN,0.003212,NaN
2007-07-03,0.002815,0.003208,-0.000393
2007-07-04,0.001804,0.003205,-0.001401
2007-07-05,NaN,0.003201,NaN
2007-07-06,NaN,0.003198,NaN
2007-07-07,NaN,0.003194,NaN
2007-07-08,NaN,0.003191,NaN
2007-07-09,NaN,0.003188,NaN
2007-07-10,NaN,0.003184,NaN
2007-07-11,0.003727,0.003181,0.000546
2007-07-12,0.003348,0.003177,0.000171
2007-07-13,0.002916,0.003174,-0.000258
2007-07-14,0.001600,0.003170,-0.001570
2007-07-15,NaN,0.003167,NaN
2007-07-16,NaN,0.003160,NaN
2007-07-17,NaN,0.003154,NaN
2007-07-18,0.002504,0.003148,-0.000644
2007-07-19,0.002446,0.003141,-0.000695
2007-07-20,0.003873,0.003135,0.000738
2007-07-21,0.001888,0.003129,-0.001241
2007-07-22,NaN,0.003122,NaN
2007-07-23,NaN,0.003116,NaN
2007-07-24,NaN,0.003110,NaN
2007-07-25,NaN,0.003103,NaN
2007-07-26,NaN,0.003097,NaN
2007-07-27,NaN,0.003091,NaN
2007-07-28,NaN,0.003085,NaN
2007-07-29,NaN,0.003078,NaN
2007-07-30,NaN,0.003072,NaN
2007-07-31,NaN,0.003066,NaN
2007-08-01,NaN,0.003059,NaN
2007-08-02,NaN,0.003053,NaN
2007-08-03,NaN,0.003047,NaN
2007-08-04,NaN,0.003040,NaN
2007-08-05,0.003234,0.003034,0.000200
2007-08-06,NaN,0.003028,NaN
2007-08-07,0.005240,0.003021,0.002219
2007-08-08,NaN,0.003015,NaN
2007-08-09,NaN,0.003009,NaN
2007-08-10,0.001968,0.003002,-0.001034
2007-08-11,NaN,0.002996,NaN
2007-08-12,NaN,0.002990,NaN
2007-08-13,0.001732,0.002984,-0.001252
2007-08-14,NaN,0.002977,NaN
2007-08-15,NaN,0.002971,NaN
2007-08-16,0.001582,0.002972,-0.001390
2007-08-17,NaN,0.002973,NaN
2007-08-18,NaN,0.002974,NaN
2007-08-19,NaN,0.002974,NaN
2007-08-20,NaN,0.002975,NaN
2007-08-21,0.008868,0.002976,0.005892
2007-08-22,NaN,0.002977,NaN
2007-08-23,0.005364,0.002978,0.002386
2007-08-24,NaN,0.002979,NaN
2007-08-25,NaN,0.002980,NaN
2007-08-26,NaN,0.002980,NaN
2007-08-27,NaN,0.002981,NaN
2007-08-28,0.003268,0.002982,0.000286
2007-08-29,NaN,0.002983,NaN
2007-08-30,0.001722,0.002984,-0.001262
2007-08-31,NaN,0.002985,NaN
2007-09-01,NaN,0.002986,NaN
2007-09-02,NaN,0.002986,NaN
2007-09-03,0.001600,0.002987,-0.001387
2007-09-04,NaN,0.002988,NaN
2007-09-05,NaN,0.002989,NaN
2007-09-06,0.002023,0.002990,-0.000967
2007-09-07,0.002411,0.002991,-0.000580
2007-09-08,NaN,0.002992,NaN
2007-09-09,NaN,0.002992,NaN
2007-09-10,NaN,0.002993,NaN
2007-09-11,NaN,0.002994,NaN
2007-09-12,NaN,0.002995,NaN
2007-09-13,0.000976,0.002996,-0.002020
2007-09-14,0.000874,0.002997,-0.002123
2007-09-15,NaN,0.002998,NaN
2007-09-16,NaN,0.003023,NaN
2007-09-17,0.003789,0.003047,0.000742
2007-09-18,NaN,0.003072,NaN
2007-09-19,NaN,0.003097,NaN
2007-09-20,0.001616,0.003122,-0.001506
2007-09-21,NaN,0.003147,NaN
2007-09-22,NaN,0.003172,NaN
2007-09-23,NaN,0.003197,NaN
2007-09-24,0.005336,0.003221,0.002115
2007-09-25,NaN,0.003246,NaN
2007-09-26,NaN,0.003271,NaN
2007-09-27,0.002648,0.003296,-0.000648
2007-09-28,0.003250,0.003321,-0.000071
2007-09-29,0.003817,0.003346,0.000471
2007-09-30,0.002412,0.003371,-0.000959
2007-10-01,NaN,0.003395,NaN
2007-10-02,NaN,0.003420,NaN
2007-10-03,0.006866,0.003445,0.003421
2007-10-04,NaN,0.003470,NaN
2007-10-05,NaN,0.003495,NaN
2007-10-06,NaN,0.003520,NaN
2007-10-07,NaN,0.003545,NaN
2007-10-08,0.006424,0.003569,0.002855
2007-10-09,NaN,0.003594,NaN
2007-10-10,0.003921,0.003619,0.000302
2007-10-11,0.001480,0.003644,-0.002164
2007-10-12,0.004448,0.003669,0.000779
2007-10-13,NaN,0.003694,NaN
2007-10-14,NaN,0.003719,NaN
2007-10-15,0.003266,0.003744,-0.000478
2007-10-16,0.001908,0.003757,-0.001849
2007-10-17,0.003384,0.003770,-0.000386
2007-10-18,0.001262,0.003783,-0.002521
2007-10-19,0.003642,0.003797,-0.000155
2007-10-20,NaN,0.003810,NaN
2007-10-21,0.001664,0.003823,-0.002159
2007-10-22,NaN,0.003836,NaN
2007-10-23,0.004120,0.003850,0.000270
2007-10-24,0.004388,0.003863,0.000525
2007-10-25,NaN,0.003876,NaN
2007-10-26,NaN,0.003890,NaN
2007-10-27,NaN,0.003903,NaN
2007-10-28,0.003616,0.003916,-0.000300
2007-10-29,0.002076,0.003929,-0.001853
2007-10-30,NaN,0.003943,NaN
2007-10-31,0.002944,0.003956,-0.001012
2007-11-01,NaN,0.003969,NaN
2007-11-02,0.004814,0.003982,0.000832
2007-11-03,0.003232,0.003996,-0.000764
2007-11-04,0.005350,0.004009,0.001341
2007-11-05,0.002788,0.004022,-0.001234
2007-11-06,0.004236,0.004036,0.000200
2007-11-07,0.004214,0.004049,0.000165
2007-11-08,0.005230,0.004062,0.001168
2007-11-09,0.005090,0.004075,0.001015
2007-11-10,0.004352,0.004089,0.000263
2007-11-11,NaN,0.004102,NaN
2007-11-12,NaN,0.004115,NaN
2007-11-13,0.004508,0.004128,0.000380
2007-11-14,NaN,0.004142,NaN
2007-11-15,0.004434,0.004155,0.000279
2007-11-16,0.006400,0.004158,0.002242
2007-11-17,0.004214,0.004160,0.000054
2007-11-18,0.004978,0.004163,0.000815
2007-11-19,NaN,0.004166,NaN
2007-11-20,0.005200,0.004168,0.001032
2007-11-21,0.003884,0.004171,-0.000287
2007-11-22,NaN,0.004174,NaN
2007-11-23,0.003456,0.004176,-0.000720
2007-11-24,NaN,0.004179,NaN
2007-11-25,0.004090,0.004182,-0.000092
2007-11-26,NaN,0.004184,NaN
2007-11-27,0.001846,0.004187,-0.002341
2007-11-28,NaN,0.004190,NaN
2007-11-29,0.002894,0.004192,-0.001298
2007-11-30,0.003332,0.004195,-0.000863
2007-12-01,0.004144,0.004197,-0.000053
2007-12-03,0.003285,0.004203,-0.000918
2007-12-04,NaN,0.004205,NaN
2007-12-05,NaN,0.004208,NaN
2007-12-06,0.002961,0.004211,-0.001250
2007-12-07,NaN,0.004213,NaN
2007-12-08,0.001972,0.004216,-0.002244
2007-12-09,NaN,0.004219,NaN
2007-12-10,0.004864,0.004221,0.000643
2007-12-11,0.004896,0.004224,0.000672
2007-12-12,0.007922,0.004227,0.003695
2007-12-13,NaN,0.004229,NaN
2007-12-14,NaN,0.004232,NaN
2007-12-15,0.006977,0.004235,0.002742
2007-12-16,NaN,0.004250,NaN
2007-12-17,0.005400,0.004265,0.001135
2007-12-18,0.004820,0.004280,0.000540
2007-12-19,0.003578,0.004295,-0.000717
2007-12-20,0.005698,0.004310,0.001388
2007-12-21,NaN,0.004326,NaN
2007-12-22,0.002080,0.004341,-0.002261
2007-12-23,0.002680,0.004356,-0.001676
2007-12-24,0.003597,0.004371,-0.000774
2007-12-25,NaN,0.004386,NaN
2007-12-26,0.002114,0.004401,-0.002287
2007-12-27,0.002686,0.004417,-0.001731
2007-12-28,0.001510,0.004432,-0.002922
2007-12-29,0.001276,0.004447,-0.003171
2007-12-30,NaN,0.004462,NaN
2007-12-31,0.003500,0.004477,-0.000977
2008-01-01,0.001830,0.004492,-0.002662
2008-01-02,0.015944,0.004507,0.011437
2008-01-03,0.008334,0.004523,0.003811
2008-01-04,NaN,0.004538,NaN
2008-01-05,0.004438,0.004553,-0.000115
2008-01-06,0.006988,0.004568,0.002420
2008-01-07,0.004435,0.004583,-0.000148
2008-01-08,0.004816,0.004598,0.000218
2008-01-09,0.004007,0.004614,-0.000607
2008-01-10,NaN,0.004629,NaN
2008-01-11,0.002466,0.004644,-0.002178
2008-01-12,0.004532,0.004659,-0.000127
2008-01-13,0.001731,0.004674,-0.002943
2008-01-14,NaN,0.004689,NaN
2008-01-15,NaN,0.004704,NaN
2008-01-16,NaN,0.004694,NaN
2008-01-17,NaN,0.004684,NaN
2008-01-18,0.002138,0.004673,-0.002535
2008-01-19,0.004640,0.004663,-0.000023
2008-01-20,NaN,0.004652,NaN
2008-01-21,NaN,0.004642,NaN
2008-01-22,NaN,0.004632,NaN
2008-01-23,0.006432,0.004621,0.001811
2008-01-24,NaN,0.004611,NaN
2008-01-25,0.006194,0.004600,0.001594
2008-01-26,0.004646,0.004590,0.000056
2008-01-27,NaN,0.004580,NaN
2008-01-28,0.003896,0.004569,-0.000673
2008-01-29,0.004039,0.004559,-0.000520
2008-01-30,0.002032,0.004548,-0.002516
2008-01-31,NaN,0.004538,NaN
2008-02-01,0.005268,0.004528,0.000740
2008-02-02,0.003582,0.004517,-0.000935
2008-02-03,NaN,0.004507,NaN
2008-02-04,0.004840,0.004496,0.000344
2008-02-05,0.005282,0.004486,0.000796
2008-02-06,0.004676,0.004475,0.000201
2008-02-07,NaN,0.004465,NaN
2008-02-08,0.004351,0.004455,-0.000104
2008-02-09,0.003792,0.004444,-0.000652
2008-02-10,NaN,0.004434,NaN
2008-02-11,0.005022,0.004423,0.000599
2008-02-12,NaN,0.004413,NaN
2008-02-13,NaN,0.004403,NaN
2008-02-14,0.003006,0.004392,-0.001386
2008-02-15,0.004230,0.004382,-0.000152
2008-02-16,NaN,0.004367,NaN
2008-02-17,NaN,0.004353,NaN
2008-02-18,0.001896,0.004338,-0.002442
2008-02-19,NaN,0.004323,NaN
2008-02-20,NaN,0.004309,NaN
2008-02-21,NaN,0.004294,NaN
2008-02-22,0.001398,0.004280,-0.002882
2008-02-23,NaN,0.004265,NaN
2008-02-24,0.002001,0.004250,-0.002249
2008-02-25,0.001332,0.004236,-0.002904
2008-02-26,NaN,0.004221,NaN
2008-02-27,NaN,0.004207,NaN
2008-02-28,0.006824,0.004192,0.002632
2008-02-29,0.002826,0.004177,-0.001351
2008-03-01,0.004418,0.004163,0.000255
2008-03-02,0.005126,0.004148,0.000978
2008-03-03,NaN,0.004134,NaN
2008-03-04,0.006564,0.004119,0.002445
2008-03-05,NaN,0.004104,NaN
2008-03-06,NaN,0.004090,NaN
2008-03-07,0.002162,0.004075,-0.001913
2008-03-08,NaN,0.004061,NaN
2008-03-09,NaN,0.004046,NaN
2008-03-10,NaN,0.004031,NaN
2008-03-11,NaN,0.004017,NaN
2008-03-12,NaN,0.004002,NaN
2008-03-13,0.004914,0.003988,0.000926
2008-03-14,NaN,0.003973,NaN
2008-03-15,0.003744,0.003958,-0.000214
2008-03-16,0.003518,0.003943,-0.000425
2008-03-17,NaN,0.003928,NaN
2008-03-18,NaN,0.003913,NaN
2008-03-19,NaN,0.003899,NaN
2008-03-20,NaN,0.003884,NaN
2008-03-21,NaN,0.003869,NaN
2008-03-22,NaN,0.003854,NaN
2008-03-23,0.002060,0.003839,-0.001779
2008-03-24,NaN,0.003824,NaN
2008-03-25,0.004268,0.003809,0.000459
2008-03-26,NaN,0.003794,NaN
2008-03-27,0.003908,0.003779,0.000129
2008-03-28,0.002026,0.003765,-0.001739
2008-03-29,NaN,0.003750,NaN
2008-03-30,0.001958,0.003735,-0.001777
2008-03-31,NaN,0.003720,NaN
2008-04-01,NaN,0.003705,NaN
2008-04-02,0.001380,0.003690,-0.002310
2008-04-03,NaN,0.003675,NaN
2008-04-04,NaN,0.003660,NaN
2008-04-05,NaN,0.003645,NaN
2008-04-06,NaN,0.003631,NaN
2008-04-07,NaN,0.003616,NaN
2008-04-08,NaN,0.003601,NaN
2008-04-09,0.004770,0.003586,0.001184
2008-04-10,0.002016,0.003571,-0.001555
2008-04-11,0.001872,0.003556,-0.001684
2008-04-12,0.002538,0.003541,-0.001003
2008-04-13,NaN,0.003526,NaN
2008-04-14,NaN,0.003511,NaN
2008-04-15,NaN,0.003502,NaN
2008-04-16,NaN,0.003492,NaN
2008-04-17,0.004218,0.003482,0.000736
2008-04-18,NaN,0.003473,NaN
2008-04-19,0.003846,0.003463,0.000383
2008-04-20,0.003152,0.003453,-0.000301
2008-04-21,NaN,0.003444,NaN
2008-04-22,0.002954,0.003434,-0.000480
2008-04-23,NaN,0.003424,NaN
2008-04-24,0.003486,0.003415,0.000071
2008-04-25,NaN,0.003405,NaN
2008-04-26,0.002832,0.003395,-0.000563
2008-04-27,0.003394,0.003386,0.000008
2008-04-28,0.002334,0.003376,-0.001042
2008-04-29,NaN,0.003366,NaN
2008-04-30,NaN,0.003356,NaN
2008-05-01,NaN,0.003347,NaN
2008-05-02,NaN,0.003337,NaN
2008-05-03,NaN,0.003327,NaN
2008-05-04,0.002264,0.003318,-0.001054
2008-05-05,0.002456,0.003308,-0.000852
2008-05-06,0.002826,0.003298,-0.000472
2008-05-07,NaN,0.003289,NaN
2008-05-08,NaN,0.003279,NaN
2008-05-09,NaN,0.003269,NaN
2008-05-10,0.003376,0.003260,0.000116
2008-05-11,NaN,0.003250,NaN
2008-05-12,NaN,0.003240,NaN
2008-05-13,0.002958,0.003231,-0.000273
2008-05-14,NaN,0.003221,NaN
2008-05-15,NaN,0.003223,NaN
2008-05-16,NaN,0.003224,NaN
2008-05-17,NaN,0.003226,NaN
2008-05-18,NaN,0.003227,NaN
2008-05-19,0.005667,0.003229,0.002438
2008-05-20,0.004608,0.003231,0.001377
2008-05-21,0.003230,0.003232,-0.000002
2008-05-22,NaN,0.003234,NaN
2008-05-23,NaN,0.003236,NaN
2008-05-24,0.003126,0.003237,-0.000111
2008-05-25,NaN,0.003239,NaN
2008-05-26,0.001846,0.003240,-0.001394
2008-05-27,NaN,0.003242,NaN
2008-05-28,0.003118,0.003244,-0.000126
2008-05-29,0.004142,0.003245,0.000897
2008-05-30,NaN,0.003247,NaN
2008-05-31,NaN,0.003249,NaN
2008-06-01,NaN,0.003250,NaN
2008-06-02,0.003184,0.003252,-0.000068
2008-06-03,NaN,0.003253,NaN
2008-06-04,0.003825,0.003255,0.000570
2008-06-05,NaN,0.003257,NaN
2008-06-06,0.004290,0.003258,0.001032
2008-06-07,NaN,0.003260,NaN
2008-06-08,NaN,0.003262,NaN
2008-06-09,NaN,0.003263,NaN
2008-06-10,NaN,0.003265,NaN
2008-06-11,NaN,0.003266,NaN
2008-06-12,NaN,0.003268,NaN
2008-06-13,0.002204,0.003270,-0.001066
2008-06-14,NaN,0.003271,NaN
2008-06-15,0.002414,0.003268,-0.000854
2008-06-16,NaN,0.003264,NaN
2008-06-17,NaN,0.003261,NaN
2008-06-18,NaN,0.003257,NaN
2008-06-19,NaN,0.003254,NaN
2008-06-20,0.003533,0.003250,0.000283
2008-06-21,0.001434,0.003247,-0.001813
2008-06-22,0.005377,0.003243,0.002134
2008-06-23,NaN,0.003240,NaN
2008-06-24,NaN,0.003236,NaN
2008-06-25,NaN,0.003233,NaN
2008-06-26,NaN,0.003229,NaN
2008-06-27,NaN,0.003226,NaN
2008-06-28,NaN,0.003222,NaN
2008-06-29,0.002228,0.003219,-0.000991
2008-06-30,NaN,0.003215,NaN
2008-07-01,NaN,0.003212,NaN
2008-07-02,NaN,0.003208,NaN
2008-07-03,NaN,0.003205,NaN
2008-07-04,NaN,0.003201,NaN
2008-07-05,NaN,0.003198,NaN
2008-07-06,NaN,0.003194,NaN
2008-07-07,NaN,0.003191,NaN
2008-07-08,NaN,0.003188,NaN
2008-07-09,NaN,0.003184,NaN
2008-07-10,NaN,0.003181,NaN
2008-07-11,NaN,0.003177,NaN
2008-07-12,NaN,0.003174,NaN
2008-07-13,NaN,0.003170,NaN
2008-07-14,NaN,0.003167,NaN
2008-07-15,NaN,0.003160,NaN
2008-07-16,NaN,0.003154,NaN
2008-07-17,0.001522,0.003148,-0.001626
2008-07-18,NaN,0.003141,NaN
2008-07-19,NaN,0.003135,NaN
2008-07-20,NaN,0.003129,NaN
2008-07-21,NaN,0.003122,NaN
2008-07-22,NaN,0.003116,NaN
2008-07-23,NaN,0.003110,NaN
2008-07-24,0.006296,0.003103,0.003193
2008-07-25,0.001310,0.003097,-0.001787
2008-07-26,NaN,0.003091,NaN
2008-07-27,0.001640,0.003085,-0.001445
2008-07-28,NaN,0.003078,NaN
2008-07-29,0.004120,0.003072,0.001048
2008-07-30,0.002081,0.003066,-0.000985
2008-07-31,0.005008,0.003059,0.001949
2008-08-01,NaN,0.003053,NaN
2008-08-02,0.001320,0.003047,-0.001727
2008-08-03,NaN,0.003040,NaN
2008-08-04,NaN,0.003034,NaN
2008-08-05,NaN,0.003028,NaN
2008-08-06,0.001488,0.003021,-0.001533
2008-08-07,0.002474,0.003015,-0.000541
2008-08-08,0.001590,0.003009,-0.001419
2008-08-09,NaN,0.003002,NaN
2008-08-10,NaN,0.002996,NaN
2008-08-11,NaN,0.002990,NaN
2008-08-12,NaN,0.002984,NaN
2008-08-13,NaN,0.002977,NaN
2008-08-14,NaN,0.002971,NaN
2008-08-15,0.002346,0.002972,-0.000626
2008-08-16,0.002354,0.002973,-0.000619
2008-08-17,NaN,0.002974,NaN
2008-08-18,NaN,0.002974,NaN
2008-08-19,NaN,0.002975,NaN
2008-08-20,NaN,0.002976,NaN
2008-08-21,NaN,0.002977,NaN
2008-08-22,NaN,0.002978,NaN
2008-08-23,NaN,0.002979,NaN
2008-08-24,0.002004,0.002980,-0.000976
2008-08-25,0.003209,0.002980,0.000229
2008-08-26,0.002304,0.002981,-0.000677
2008-08-27,NaN,0.002982,NaN
2008-08-28,0.004072,0.002983,0.001089
2008-08-29,NaN,0.002984,NaN
2008-08-30,NaN,0.002985,NaN
2008-08-31,NaN,0.002986,NaN
2008-09-01,NaN,0.002986,NaN
2008-09-02,NaN,0.002987,NaN
2008-09-03,0.002014,0.002988,-0.000974
2008-09-04,NaN,0.002989,NaN
2008-09-05,NaN,0.002990,NaN
2008-09-06,0.001244,0.002991,-0.001747
2008-09-07,NaN,0.002992,NaN
2008-09-08,NaN,0.002992,NaN
2008-09-09,NaN,0.002993,NaN
2008-09-10,NaN,0.002994,NaN
2008-09-11,NaN,0.002995,NaN
2008-09-12,NaN,0.002996,NaN
2008-09-13,NaN,0.002997,NaN
2008-09-14,NaN,0.002998,NaN
2008-09-15,0.001202,0.003023,-0.001821
2008-09-16,NaN,0.003047,NaN
2008-09-17,0.001309,0.003072,-0.001763
2008-09-18,NaN,0.003097,NaN
2008-09-19,0.002142,0.003122,-0.000980
2008-09-20,NaN,0.003147,NaN
2008-09-21,NaN,0.003172,NaN
2008-09-22,NaN,0.003197,NaN
2008-09-23,NaN,0.003221,NaN
2008-09-24,0.001766,0.003246,-0.001480
2008-09-25,NaN,0.003271,NaN
2008-09-26,NaN,0.003296,NaN
2008-09-27,NaN,0.003321,NaN
2008-09-28,NaN,0.003346,NaN
2008-09-29,0.001427,0.003371,-0.001944
2008-09-30,NaN,0.003395,NaN
2008-10-01,0.002558,0.003420,-0.000862
2008-10-02,0.002954,0.003445,-0.000491
2008-10-03,NaN,0.003470,NaN
2008-10-04,NaN,0.003495,NaN
2008-10-05,NaN,0.003520,NaN
2008-10-06,0.001784,0.003545,-0.001761
2008-10-07,NaN,0.003569,NaN
2008-10-08,0.002538,0.003594,-0.001056
2008-10-09,NaN,0.003619,NaN
2008-10-10,0.004866,0.003644,0.001222
2008-10-11,0.001725,0.003669,-0.001944
2008-10-12,NaN,0.003694,NaN
2008-10-13,NaN,0.003719,NaN
2008-10-14,NaN,0.003744,NaN
2008-10-15,0.002086,0.003757,-0.001671
2008-10-16,NaN,0.003770,NaN
2008-10-17,0.001470,0.003783,-0.002313
2008-10-18,0.005510,0.003797,0.001713
2008-10-19,0.003670,0.003810,-0.000140
2008-10-20,0.003216,0.003823,-0.000607
2008-10-21,0.007054,0.003836,0.003218
2008-10-22,NaN,0.003850,NaN
2008-10-23,NaN,0.003863,NaN
2008-10-24,NaN,0.003876,NaN
2008-10-25,NaN,0.003890,NaN
2008-10-26,NaN,0.003903,NaN
2008-10-27,NaN,0.003916,NaN
2008-10-28,0.007155,0.003929,0.003226
2008-10-29,NaN,0.003943,NaN
2008-10-30,0.006800,0.003956,0.002844
2008-10-31,NaN,0.003969,NaN
2008-11-01,0.000996,0.003982,-0.002986
2008-11-02,0.001352,0.003996,-0.002644
2008-11-03,0.002736,0.004009,-0.001273
2008-11-04,0.001356,0.004022,-0.002666
2008-11-05,0.001970,0.004036,-0.002066
2008-11-06,NaN,0.004049,NaN
2008-11-07,NaN,0.004062,NaN
2008-11-08,NaN,0.004075,NaN
2008-11-09,NaN,0.004089,NaN
2008-11-10,0.004496,0.004102,0.000394
2008-11-11,0.006068,0.004115,0.001953
2008-11-12,0.003576,0.004128,-0.000552
2008-11-13,0.004773,0.004142,0.000631
2008-11-14,NaN,0.004155,NaN
2008-11-15,0.003507,0.004158,-0.000651
2008-11-16,0.002974,0.004160,-0.001186
2008-11-17,0.004748,0.004163,0.000585
2008-11-18,0.003610,0.004166,-0.000556
2008-11-19,0.004250,0.004168,0.000082
2008-11-20,0.004100,0.004171,-0.000071
2008-11-21,0.002206,0.004174,-0.001968
2008-11-22,0.004398,0.004176,0.000222
2008-11-23,NaN,0.004179,NaN
2008-11-24,0.003112,0.004182,-0.001070
2008-11-25,NaN,0.004184,NaN
2008-11-26,0.002490,0.004187,-0.001697
2008-11-27,0.003252,0.004190,-0.000938
2008-11-28,NaN,0.004192,NaN
2008-11-29,0.002152,0.004195,-0.002043
2008-11-30,NaN,0.004197,NaN
2008-12-01,NaN,0.004200,NaN
2008-12-02,NaN,0.004203,NaN
2008-12-03,0.003690,0.004205,-0.000515
2008-12-04,NaN,0.004208,NaN
2008-12-05,0.002338,0.004211,-0.001873
2008-12-06,NaN,0.004213,NaN
2008-12-07,NaN,0.004216,NaN
2008-12-08,0.001578,0.004219,-0.002641
2008-12-09,NaN,0.004221,NaN
2008-12-10,0.004176,0.004224,-0.000048
2008-12-11,NaN,0.004227,NaN
2008-12-12,0.003826,0.004229,-0.000403
2008-12-13,0.005546,0.004232,0.001314
2008-12-14,NaN,0.004235,NaN
2008-12-15,0.004142,0.004249,-0.000107
2008-12-16,NaN,0.004264,NaN
2008-12-17,0.006128,0.004279,0.001849
2008-12-18,NaN,0.004293,NaN
2008-12-19,NaN,0.004308,NaN
2008-12-20,NaN,0.004323,NaN
2008-12-21,0.002372,0.004337,-0.001965
2008-12-22,0.003708,0.004352,-0.000644
2008-12-23,NaN,0.004367,NaN
2008-12-24,0.002118,0.004381,-0.002263
2008-12-25,0.002350,0.004396,-0.002046
2008-12-26,0.004222,0.004411,-0.000189
2008-12-27,NaN,0.004426,NaN
2008-12-28,0.003112,0.004440,-0.001328
2008-12-29,0.003738,0.004455,-0.000717
2008-12-30,0.003010,0.004470,-0.001460
2008-12-31,0.003914,0.004484,-0.000570
2009-01-01,NaN,0.004499,NaN
2009-01-02,0.001960,0.004514,-0.002554
2009-01-03,NaN,0.004528,NaN
2009-01-04,NaN,0.004543,NaN
2009-01-05,NaN,0.004558,NaN
2009-01-06,0.002796,0.004572,-0.001776
2009-01-07,0.002024,0.004587,-0.002563
2009-01-08,0.001510,0.004602,-0.003092
2009-01-09,0.004128,0.004616,-0.000488
2009-01-10,0.004032,0.004631,-0.000599
2009-01-11,0.003948,0.004646,-0.000698
2009-01-12,NaN,0.004660,NaN
2009-01-13,NaN,0.004675,NaN
2009-01-14,NaN,0.004690,NaN
2009-01-15,NaN,0.004704,NaN
2009-01-16,0.006936,0.004694,0.002242
2009-01-17,NaN,0.004684,NaN
2009-01-18,NaN,0.004673,NaN
2009-01-19,NaN,0.004663,NaN
2009-01-20,NaN,0.004652,NaN
2009-01-21,0.005362,0.004642,0.000720
2009-01-22,NaN,0.004632,NaN
2009-01-23,0.004428,0.004621,-0.000193
2009-01-24,0.003302,0.004611,-0.001309
2009-01-25,0.004626,0.004600,0.000026
2009-01-26,0.002324,0.004590,-0.002266
2009-01-27,0.006462,0.004580,0.001882
2009-01-28,0.001632,0.004569,-0.002937
2009-01-29,0.003112,0.004559,-0.001447
2009-01-30,NaN,0.004548,NaN
2009-01-31,0.010186,0.004538,0.005648
2009-02-01,0.005116,0.004528,0.000588
2009-02-02,NaN,0.004517,NaN
2009-02-03,0.004580,0.004507,0.000073
2009-02-04,0.004640,0.004496,0.000144
2009-02-05,0.011416,0.004486,0.006930
2009-02-06,NaN,0.004475,NaN
2009-02-07,NaN,0.004465,NaN
2009-02-08,0.008501,0.004455,0.004046
2009-02-09,NaN,0.004444,NaN
2009-02-10,0.004000,0.004434,-0.000434
2009-02-11,0.004542,0.004423,0.000119
2009-02-12,0.004218,0.004413,-0.000195
2009-02-13,NaN,0.004403,NaN
2009-02-14,0.001862,0.004392,-0.002530
2009-02-15,0.003750,0.004382,-0.000632
2009-02-16,NaN,0.004367,NaN
2009-02-17,0.003402,0.004353,-0.000951
2009-02-18,NaN,0.004338,NaN
2009-02-19,0.003049,0.004323,-0.001274
2009-02-20,0.003666,0.004309,-0.000643
2009-02-21,0.002804,0.004294,-0.001490
2009-02-22,NaN,0.004280,NaN
2009-02-23,NaN,0.004265,NaN
2009-02-24,0.004718,0.004250,0.000468
2009-02-25,0.001686,0.004236,-0.002550
2009-02-26,0.007082,0.004221,0.002861
2009-02-27,0.001418,0.004207,-0.002789
2009-02-28,0.003508,0.004192,-0.000684
2009-03-01,NaN,0.004177,NaN
2009-03-02,NaN,0.004163,NaN
2009-03-03,0.005308,0.004148,0.001160
2009-03-04,0.005086,0.004134,0.000952
2009-03-05,0.005646,0.004119,0.001527
2009-03-06,NaN,0.004104,NaN
2009-03-07,NaN,0.004090,NaN
2009-03-08,0.002646,0.004075,-0.001429
2009-03-09,0.003202,0.004061,-0.000859
2009-03-10,0.003552,0.004046,-0.000494
2009-03-11,0.005116,0.004031,0.001085
2009-03-12,0.003566,0.004017,-0.000451
2009-03-13,NaN,0.004002,NaN
2009-03-14,0.007078,0.003988,0.003090
2009-03-15,NaN,0.003973,NaN
2009-03-16,NaN,0.003958,NaN
2009-03-17,0.004270,0.003943,0.000327
2009-03-18,NaN,0.003928,NaN
2009-03-19,NaN,0.003913,NaN
2009-03-20,0.002472,0.003899,-0.001427
2009-03-21,0.004401,0.003884,0.000517
2009-03-22,NaN,0.003869,NaN
2009-03-23,NaN,0.003854,NaN
2009-03-24,NaN,0.003839,NaN
2009-03-25,NaN,0.003824,NaN
2009-03-26,0.001482,0.003809,-0.002327
2009-03-27,NaN,0.003794,NaN
2009-03-28,0.002285,0.003779,-0.001494
2009-03-29,NaN,0.003765,NaN
2009-03-30,NaN,0.003750,NaN
2009-03-31,NaN,0.003735,NaN
2009-04-01,NaN,0.003720,NaN
2009-04-02,0.001522,0.003705,-0.002183
2009-04-03,NaN,0.003690,NaN
2009-04-04,0.003834,0.003675,0.000159
2009-04-05,0.002776,0.003660,-0.000884
2009-04-06,0.002151,0.003645,-0.001494
2009-04-07,NaN,0.003631,NaN
2009-04-08,NaN,0.003616,NaN
2009-04-09,0.003388,0.003601,-0.000213
2009-04-10,NaN,0.003586,NaN
2009-04-11,0.002806,0.003571,-0.000765
2009-04-12,0.001918,0.003556,-0.001638
2009-04-13,0.005648,0.003541,0.002107
2009-04-14,NaN,0.003526,NaN
2009-04-15,0.006078,0.003511,0.002567
2009-04-16,NaN,0.003502,NaN
2009-04-17,NaN,0.003492,NaN
2009-04-18,NaN,0.003482,NaN
2009-04-19,NaN,0.003473,NaN
2009-04-20,0.002045,0.003463,-0.001418
2009-04-21,NaN,0.003453,NaN
2009-04-22,0.004273,0.003444,0.000829
2009-04-23,0.002902,0.003434,-0.000532
2009-04-24,NaN,0.003424,NaN
2009-04-25,NaN,0.003415,NaN
2009-04-26,NaN,0.003405,NaN
2009-04-27,NaN,0.003395,NaN
2009-04-28,NaN,0.003386,NaN
2009-04-29,0.002009,0.003376,-0.001367
2009-04-30,0.001954,0.003366,-0.001412
2009-05-01,0.002608,0.003356,-0.000748
2009-05-02,0.001196,0.003347,-0.002151
2009-05-03,NaN,0.003337,NaN
2009-05-04,0.002522,0.003327,-0.000805
2009-05-05,NaN,0.003318,NaN
2009-05-06,0.003912,0.003308,0.000604
2009-05-07,0.003134,0.003298,-0.000164
2009-05-08,0.003860,0.003289,0.000571
2009-05-09,0.001640,0.003279,-0.001639
2009-05-10,NaN,0.003269,NaN
2009-05-11,0.003500,0.003260,0.000240
2009-05-12,NaN,0.003250,NaN
2009-05-13,NaN,0.003240,NaN
2009-05-14,NaN,0.003231,NaN
2009-05-15,NaN,0.003221,NaN
2009-05-16,0.001306,0.003223,-0.001917
2009-05-17,NaN,0.003224,NaN
2009-05-18,NaN,0.003226,NaN
2009-05-19,NaN,0.003227,NaN
2009-05-20,NaN,0.003229,NaN
2009-05-21,NaN,0.003231,NaN
2009-05-22,NaN,0.003232,NaN
2009-05-23,0.002517,0.003234,-0.000717
2009-05-24,0.003734,0.003236,0.000498
2009-05-25,NaN,0.003237,NaN
2009-05-26,NaN,0.003239,NaN
2009-05-27,0.001634,0.003240,-0.001606
2009-05-28,NaN,0.003242,NaN
2009-05-29,NaN,0.003244,NaN
2009-05-30,NaN,0.003245,NaN
2009-05-31,NaN,0.003247,NaN
2009-06-01,NaN,0.003249,NaN
2009-06-02,NaN,0.003250,NaN
2009-06-03,0.001390,0.003252,-0.001862
2009-06-04,NaN,0.003253,NaN
2009-06-05,0.001584,0.003255,-0.001671
2009-06-06,NaN,0.003257,NaN
2009-06-07,NaN,0.003258,NaN
2009-06-08,0.001322,0.003260,-0.001938
2009-06-09,0.005846,0.003262,0.002584
2009-06-10,NaN,0.003263,NaN
2009-06-11,NaN,0.003265,NaN
2009-06-12,0.001806,0.003266,-0.001460
2009-06-13,NaN,0.003268,NaN
2009-06-14,NaN,0.003270,NaN
2009-06-15,NaN,0.003271,NaN
2009-06-16,0.005568,0.003268,0.002300
2009-06-17,NaN,0.003264,NaN
2009-06-18,0.002550,0.003261,-0.000711
2009-06-19,NaN,0.003257,NaN
2009-06-20,NaN,0.003254,NaN
2009-06-21,NaN,0.003250,NaN
2009-06-22,NaN,0.003247,NaN
2009-06-23,NaN,0.003243,NaN
2009-06-24,NaN,0.003240,NaN
2009-06-25,0.006480,0.003236,0.003244
2009-06-26,NaN,0.003233,NaN
2009-06-27,NaN,0.003229,NaN
2009-06-28,NaN,0.003226,NaN
2009-06-29,NaN,0.003222,NaN
2009-06-30,NaN,0.003219,NaN
2009-07-01,NaN,0.003215,NaN
2009-07-02,0.006012,0.003212,0.002800
2009-07-03,NaN,0.003208,NaN
2009-07-04,0.004614,0.003205,0.001409
2009-07-05,NaN,0.003201,NaN
2009-07-06,NaN,0.003198,NaN
2009-07-07,NaN,0.003194,NaN
2009-07-08,0.002992,0.003191,-0.000199
2009-07-09,NaN,0.003188,NaN
2009-07-10,NaN,0.003184,NaN
2009-07-11,NaN,0.003181,NaN
2009-07-12,NaN,0.003177,NaN
2009-07-13,NaN,0.003174,NaN
2009-07-14,NaN,0.003170,NaN
2009-07-15,NaN,0.003167,NaN
2009-07-16,0.004734,0.003160,0.001574
2009-07-17,NaN,0.003154,NaN
2009-07-18,NaN,0.003148,NaN
2009-07-19,NaN,0.003141,NaN
2009-07-20,0.004344,0.003135,0.001209
2009-07-21,NaN,0.003129,NaN
2009-07-22,NaN,0.003122,NaN
2009-07-23,0.005189,0.003116,0.002073
2009-07-24,0.004872,0.003110,0.001762
2009-07-25,NaN,0.003103,NaN
2009-07-26,NaN,0.003097,NaN
2009-07-27,0.002530,0.003091,-0.000561
2009-07-28,NaN,0.003085,NaN
2009-07-29,NaN,0.003078,NaN
2009-07-30,NaN,0.003072,NaN
2009-07-31,NaN,0.003066,NaN
2009-08-01,0.002371,0.003059,-0.000688
2009-08-02,0.002488,0.003053,-0.000565
2009-08-03,0.002304,0.003047,-0.000743
2009-08-04,0.001180,0.003040,-0.001860
2009-08-05,NaN,0.003034,NaN
2009-08-06,NaN,0.003028,NaN
2009-08-07,NaN,0.003021,NaN
2009-08-08,0.001682,0.003015,-0.001333
2009-08-09,NaN,0.003009,NaN
2009-08-10,NaN,0.003002,NaN
2009-08-11,NaN,0.002996,NaN
2009-08-12,0.002483,0.002990,-0.000507
2009-08-13,NaN,0.002984,NaN
2009-08-14,NaN,0.002977,NaN
2009-08-15,NaN,0.002971,NaN
2009-08-16,NaN,0.002972,NaN
2009-08-17,0.001108,0.002973,-0.001865
2009-08-18,NaN,0.002974,NaN
2009-08-19,NaN,0.002974,NaN
2009-08-20,NaN,0.002975,NaN
2009-08-21,0.003848,0.002976,0.000872
2009-08-22,0.000800,0.002977,-0.002177
2009-08-23,NaN,0.002978,NaN
2009-08-24,NaN,0.002979,NaN
2009-08-25,NaN,0.002980,NaN
2009-08-26,NaN,0.002980,NaN
2009-08-27,NaN,0.002981,NaN
2009-08-28,0.002620,0.002982,-0.000362
2009-08-29,NaN,0.002983,NaN
2009-08-30,0.001088,0.002984,-0.001896
2009-08-31,NaN,0.002985,NaN
2009-09-01,NaN,0.002986,NaN
2009-09-02,NaN,0.002986,NaN
2009-09-03,NaN,0.002987,NaN
2009-09-04,0.004480,0.002988,0.001492
2009-09-05,NaN,0.002989,NaN
2009-09-06,0.001373,0.002990,-0.001617
2009-09-07,0.002218,0.002991,-0.000773
2009-09-08,NaN,0.002992,NaN
2009-09-09,NaN,0.002992,NaN
2009-09-10,0.002548,0.002993,-0.000445
2009-09-11,NaN,0.002994,NaN
2009-09-12,NaN,0.002995,NaN
2009-09-13,NaN,0.002996,NaN
2009-09-14,NaN,0.002997,NaN
2009-09-15,0.001948,0.002998,-0.001050
2009-09-16,NaN,0.003023,NaN
2009-09-17,NaN,0.003047,NaN
2009-09-18,0.001748,0.003072,-0.001324
2009-09-19,NaN,0.003097,NaN
2009-09-20,0.003910,0.003122,0.000788
2009-09-21,0.004072,0.003147,0.000925
2009-09-22,0.004766,0.003172,0.001594
2009-09-23,0.002026,0.003197,-0.001171
2009-09-24,NaN,0.003221,NaN
2009-09-25,NaN,0.003246,NaN
2009-09-26,0.001513,0.003271,-0.001758
2009-09-27,NaN,0.003296,NaN
2009-09-28,0.002218,0.003321,-0.001103
2009-09-29,0.001099,0.003346,-0.002247
2009-09-30,NaN,0.003371,NaN
2009-10-01,NaN,0.003395,NaN
2009-10-02,0.001764,0.003420,-0.001656
2009-10-03,0.003482,0.003445,0.000037
2009-10-04,0.003054,0.003470,-0.000416
2009-10-05,0.003896,0.003495,0.000401
2009-10-06,NaN,0.003520,NaN
2009-10-07,0.002206,0.003545,-0.001339
2009-10-08,0.003644,0.003569,0.000075
2009-10-09,NaN,0.003594,NaN
2009-10-10,0.001974,0.003619,-0.001645
2009-10-11,0.003767,0.003644,0.000123
2009-10-12,0.002232,0.003669,-0.001437
2009-10-13,0.003510,0.003694,-0.000184
2009-10-14,0.002310,0.003719,-0.001409
2009-10-15,0.002452,0.003744,-0.001292
2009-10-16,NaN,0.003757,NaN
2009-10-17,0.003706,0.003770,-0.000064
2009-10-18,NaN,0.003783,NaN
2009-10-19,NaN,0.003797,NaN
2009-10-20,0.004046,0.003810,0.000236
2009-10-21,0.004214,0.003823,0.000391
2009-10-22,0.004352,0.003836,0.000516
2009-10-23,0.002768,0.003850,-0.001082
2009-10-24,NaN,0.003863,NaN
2009-10-25,0.002995,0.003876,-0.000881
2009-10-26,NaN,0.003890,NaN
2009-10-27,NaN,0.003903,NaN
2009-10-28,NaN,0.003916,NaN
2009-10-29,0.003796,0.003929,-0.000133
2009-10-30,0.002934,0.003943,-0.001009
2009-10-31,0.002274,0.003956,-0.001682
2009-11-01,0.002124,0.003969,-0.001845
2009-11-02,0.003510,0.003982,-0.000472
2009-11-03,0.002482,0.003996,-0.001514
2009-11-04,NaN,0.004009,NaN
2009-11-05,NaN,0.004022,NaN
2009-11-06,NaN,0.004036,NaN
2009-11-07,NaN,0.004049,NaN
2009-11-08,NaN,0.004062,NaN
2009-11-09,NaN,0.004075,NaN
2009-11-10,NaN,0.004089,NaN
2009-11-11,NaN,0.004102,NaN
2009-11-12,NaN,0.004115,NaN
2009-11-13,0.004452,0.004128,0.000324
2009-11-14,0.004580,0.004142,0.000438
2009-11-15,0.003620,0.004155,-0.000535
2009-11-16,0.004957,0.004158,0.000799
2009-11-17,NaN,0.004160,NaN
2009-11-18,0.004504,0.004163,0.000341
2009-11-19,0.003498,0.004166,-0.000668
2009-11-20,NaN,0.004168,NaN
2009-11-21,0.004534,0.004171,0.000363
2009-11-22,NaN,0.004174,NaN
2009-11-23,NaN,0.004176,NaN
2009-11-24,NaN,0.004179,NaN
2009-11-25,NaN,0.004182,NaN
2009-11-26,NaN,0.004184,NaN
2009-11-27,0.008439,0.004187,0.004252
2009-11-28,0.005986,0.004190,0.001796
2009-11-29,0.004780,0.004192,0.000588
2009-11-30,0.004182,0.004195,-0.000013
2009-12-01,0.003020,0.004197,-0.001177
2009-12-02,0.002867,0.004200,-0.001333
2009-12-03,NaN,0.004203,NaN
2009-12-04,NaN,0.004205,NaN
2009-12-05,NaN,0.004208,NaN
2009-12-06,0.006280,0.004211,0.002069
2009-12-07,0.004319,0.004213,0.000106
2009-12-08,NaN,0.004216,NaN
2009-12-09,0.003427,0.004219,-0.000792
2009-12-10,0.003722,0.004221,-0.000499
2009-12-11,NaN,0.004224,NaN
2009-12-12,NaN,0.004227,NaN
2009-12-13,0.005198,0.004229,0.000969
2009-12-14,0.003752,0.004232,-0.000480
2009-12-15,0.004259,0.004235,0.000024
2009-12-16,0.004969,0.004250,0.000719
2009-12-17,NaN,0.004265,NaN
2009-12-18,NaN,0.004280,NaN
2009-12-19,NaN,0.004295,NaN
2009-12-20,NaN,0.004310,NaN
2009-12-21,NaN,0.004326,NaN
2009-12-22,NaN,0.004341,NaN
2009-12-23,NaN,0.004356,NaN
2009-12-24,NaN,0.004371,NaN
2009-12-25,0.004846,0.004386,0.000460
2009-12-26,NaN,0.004401,NaN
2009-12-27,0.004623,0.004417,0.000206
2009-12-28,NaN,0.004432,NaN
2009-12-29,0.007372,0.004447,0.002925
2009-12-30,NaN,0.004462,NaN
2009-12-31,NaN,0.004477,NaN
2010-01-01,NaN,0.004492,NaN
2010-01-02,0.012260,0.004507,0.007753
2010-01-03,NaN,0.004523,NaN
2010-01-04,NaN,0.004538,NaN
2010-01-05,0.006028,0.004553,0.001475
2010-01-06,0.007204,0.004568,0.002636
2010-01-07,NaN,0.004583,NaN
2010-01-08,0.004616,0.004598,0.000018
2010-01-09,NaN,0.004614,NaN
2010-01-10,NaN,0.004629,NaN
2010-01-11,0.008424,0.004644,0.003780
2010-01-12,NaN,0.004659,NaN
2010-01-13,NaN,0.004674,NaN
2010-01-14,NaN,0.004689,NaN
2010-01-15,NaN,0.004704,NaN
2010-01-16,0.001782,0.004694,-0.002912
2010-01-17,NaN,0.004684,NaN
2010-01-18,0.003704,0.004673,-0.000969
2010-01-19,NaN,0.004663,NaN
2010-01-20,NaN,0.004652,NaN
2010-01-21,0.004186,0.004642,-0.000456
2010-01-22,0.003512,0.004632,-0.001120
2010-01-23,0.004284,0.004621,-0.000337
2010-01-24,NaN,0.004611,NaN
2010-01-25,NaN,0.004600,NaN
2010-01-26,0.007070,0.004590,0.002480
2010-01-27,0.007492,0.004580,0.002912
2010-01-28,0.007236,0.004569,0.002667
2010-01-29,NaN,0.004559,NaN
2010-01-30,NaN,0.004548,NaN
2010-01-31,NaN,0.004538,NaN
2010-02-01,NaN,0.004528,NaN
2010-02-02,NaN,0.004517,NaN
2010-02-03,0.006162,0.004507,0.001655
2010-02-04,0.004992,0.004496,0.000496
2010-02-05,NaN,0.004486,NaN
2010-02-06,0.006196,0.004475,0.001721
2010-02-07,NaN,0.004465,NaN
2010-02-08,NaN,0.004455,NaN
2010-02-09,NaN,0.004444,NaN
2010-02-10,0.004416,0.004434,-0.000018
2010-02-11,0.011376,0.004423,0.006953
2010-02-12,NaN,0.004413,NaN
2010-02-13,0.006177,0.004403,0.001774
2010-02-14,NaN,0.004392,NaN
2010-02-15,0.007026,0.004382,0.002644
2010-02-16,NaN,0.004367,NaN
2010-02-17,0.007282,0.004353,0.002929
2010-02-18,NaN,0.004338,NaN
2010-02-19,NaN,0.004323,NaN
2010-02-20,0.007136,0.004309,0.002827
2010-02-21,0.001818,0.004294,-0.002476
2010-02-22,NaN,0.004280,NaN
2010-02-23,NaN,0.004265,NaN
2010-02-24,NaN,0.004250,NaN
2010-02-25,0.005745,0.004236,0.001509
2010-02-26,0.006165,0.004221,0.001944
2010-02-27,NaN,0.004207,NaN
2010-02-28,0.007442,0.004192,0.003250
2010-03-01,0.006920,0.004177,0.002743
2010-03-02,NaN,0.004163,NaN
2010-03-03,NaN,0.004148,NaN
2010-03-04,NaN,0.004134,NaN
2010-03-05,0.005098,0.004119,0.000979
2010-03-06,0.004913,0.004104,0.000809
2010-03-07,0.003374,0.004090,-0.000716
2010-03-08,NaN,0.004075,NaN
2010-03-09,0.006660,0.004061,0.002599
2010-03-10,NaN,0.004046,NaN
2010-03-11,NaN,0.004031,NaN
2010-03-12,NaN,0.004017,NaN
2010-03-13,NaN,0.004002,NaN
2010-03-14,0.007256,0.003988,0.003268
2010-03-15,0.007080,0.003973,0.003107
2010-03-16,NaN,0.003958,NaN
2010-03-17,NaN,0.003943,NaN
2010-03-18,NaN,0.003928,NaN
2010-03-19,NaN,0.003913,NaN
2010-03-20,0.004652,0.003899,0.000753
2010-03-21,NaN,0.003884,NaN
2010-03-22,NaN,0.003869,NaN
2010-03-23,0.006198,0.003854,0.002344
2010-03-24,0.007249,0.003839,0.003410
2010-03-25,NaN,0.003824,NaN
2010-03-26,NaN,0.003809,NaN
2010-03-27,NaN,0.003794,NaN
2010-03-28,NaN,0.003779,NaN
2010-03-29,NaN,0.003765,NaN
2010-03-30,0.005105,0.003750,0.001355
2010-03-31,0.006160,0.003735,0.002425
2010-04-01,0.004110,0.003720,0.000390
2010-04-02,0.006180,0.003705,0.002475
2010-04-03,NaN,0.003690,NaN
2010-04-04,NaN,0.003675,NaN
2010-04-05,0.004584,0.003660,0.000924
2010-04-06,NaN,0.003645,NaN
2010-04-07,0.006844,0.003631,0.003213
2010-04-08,0.007172,0.003616,0.003556
2010-04-09,0.006260,0.003601,0.002659
2010-04-10,NaN,0.003586,NaN
2010-04-11,NaN,0.003571,NaN
2010-04-12,NaN,0.003556,NaN
2010-04-13,NaN,0.003541,NaN
2010-04-14,NaN,0.003526,NaN
2010-04-15,NaN,0.003511,NaN
2010-04-16,NaN,0.003502,NaN
2010-04-17,NaN,0.003492,NaN
2010-04-18,0.005556,0.003482,0.002074
2010-04-19,NaN,0.003473,NaN
2010-04-20,NaN,0.003463,NaN
2010-04-21,0.004514,0.003453,0.001061
2010-04-22,0.005474,0.003444,0.002030
2010-04-23,0.005236,0.003434,0.001802
2010-04-24,0.002440,0.003424,-0.000984
2010-04-25,0.002746,0.003415,-0.000669
2010-04-26,NaN,0.003405,NaN
2010-04-27,NaN,0.003395,NaN
2010-04-28,NaN,0.003386,NaN
2010-04-29,NaN,0.003376,NaN
2010-04-30,NaN,0.003366,NaN
2010-05-01,NaN,0.003356,NaN
2010-05-02,NaN,0.003347,NaN
2010-05-03,NaN,0.003337,NaN
2010-05-04,NaN,0.003327,NaN
2010-05-05,NaN,0.003318,NaN
2010-05-06,NaN,0.003308,NaN
2010-05-07,0.004600,0.003298,0.001302
2010-05-08,0.005106,0.003289,0.001817
2010-05-09,0.005194,0.003279,0.001915
2010-05-10,NaN,0.003269,NaN
2010-05-11,NaN,0.003260,NaN
2010-05-12,NaN,0.003250,NaN
2010-05-13,NaN,0.003240,NaN
2010-05-14,NaN,0.003231,NaN
2010-05-15,NaN,0.003221,NaN
2010-05-16,NaN,0.003223,NaN
2010-05-17,NaN,0.003224,NaN
2010-05-18,0.004432,0.003226,0.001206
2010-05-19,NaN,0.003227,NaN
2010-05-20,NaN,0.003229,NaN
2010-05-21,0.003605,0.003231,0.000374
2010-05-22,NaN,0.003232,NaN
2010-05-23,0.004658,0.003234,0.001424
2010-05-24,NaN,0.003236,NaN
2010-05-25,0.004674,0.003237,0.001437
2010-05-26,0.003812,0.003239,0.000573
2010-05-27,0.004824,0.003240,0.001584
2010-05-28,NaN,0.003242,NaN
2010-05-29,NaN,0.003244,NaN
2010-05-30,NaN,0.003245,NaN
2010-05-31,NaN,0.003247,NaN
2010-06-01,0.004298,0.003249,0.001049
2010-06-02,0.004392,0.003250,0.001142
2010-06-03,0.005292,0.003252,0.002040
2010-06-04,NaN,0.003253,NaN
2010-06-05,0.004892,0.003255,0.001637
2010-06-06,NaN,0.003257,NaN
2010-06-07,NaN,0.003258,NaN
2010-06-08,NaN,0.003260,NaN
2010-06-09,NaN,0.003262,NaN
2010-06-10,0.004898,0.003263,0.001635
2010-06-11,0.003004,0.003265,-0.000261
2010-06-12,NaN,0.003266,NaN
2010-06-13,NaN,0.003268,NaN
2010-06-14,NaN,0.003270,NaN
2010-06-15,0.003764,0.003271,0.000493
2010-06-16,NaN,0.003268,NaN
2010-06-17,0.003970,0.003264,0.000706
2010-06-18,NaN,0.003261,NaN
2010-06-19,0.005010,0.003257,0.001753
2010-06-20,NaN,0.003254,NaN
2010-06-21,NaN,0.003250,NaN
2010-06-22,NaN,0.003247,NaN
2010-06-23,NaN,0.003243,NaN
2010-06-24,NaN,0.003240,NaN
2010-06-25,NaN,0.003236,NaN
2010-06-26,NaN,0.003233,NaN
2010-06-27,NaN,0.003229,NaN
2010-06-28,NaN,0.003226,NaN
2010-06-29,NaN,0.003222,NaN
2010-06-30,NaN,0.003219,NaN
2010-07-01,NaN,0.003215,NaN
2010-07-02,NaN,0.003212,NaN
2010-07-03,NaN,0.003208,NaN
2010-07-04,NaN,0.003205,NaN
2010-07-05,NaN,0.003201,NaN
2010-07-06,NaN,0.003198,NaN
2010-07-07,0.006234,0.003194,0.003040
2010-07-08,NaN,0.003191,NaN
2010-07-09,NaN,0.003188,NaN
2010-07-10,NaN,0.003184,NaN
2010-07-11,0.002622,0.003181,-0.000559
2010-07-12,0.002076,0.003177,-0.001101
2010-07-13,NaN,0.003174,NaN
2010-07-14,NaN,0.003170,NaN
2010-07-15,NaN,0.003167,NaN
2010-07-16,NaN,0.003160,NaN
2010-07-17,NaN,0.003154,NaN
2010-07-18,NaN,0.003148,NaN
2010-07-19,NaN,0.003141,NaN
2010-07-20,NaN,0.003135,NaN
2010-07-21,0.002412,0.003129,-0.000717
2010-07-22,NaN,0.003122,NaN
2010-07-23,NaN,0.003116,NaN
2010-07-24,NaN,0.003110,NaN
2010-07-25,NaN,0.003103,NaN
2010-07-26,0.002058,0.003097,-0.001039
2010-07-27,NaN,0.003091,NaN
2010-07-28,0.004674,0.003085,0.001589
2010-07-29,0.003694,0.003078,0.000616
2010-07-30,0.005134,0.003072,0.002062
2010-07-31,0.004530,0.003066,0.001464
2010-08-01,NaN,0.003059,NaN
2010-08-02,NaN,0.003053,NaN
2010-08-03,NaN,0.003047,NaN
2010-08-04,0.003328,0.003040,0.000288
2010-08-05,NaN,0.003034,NaN
2010-08-06,0.004418,0.003028,0.001390
2010-08-07,NaN,0.003021,NaN
2010-08-08,NaN,0.003015,NaN
2010-08-09,NaN,0.003009,NaN
2010-08-10,NaN,0.003002,NaN
2010-08-11,NaN,0.002996,NaN
2010-08-12,0.003840,0.002990,0.000850
2010-08-13,0.003326,0.002984,0.000342
2010-08-14,NaN,0.002977,NaN
2010-08-15,NaN,0.002971,NaN
2010-08-16,0.004488,0.002972,0.001516
2010-08-17,NaN,0.002973,NaN
2010-08-18,0.005956,0.002974,0.002982
2010-08-19,NaN,0.002974,NaN
2010-08-20,0.003664,0.002975,0.000689
2010-08-21,NaN,0.002976,NaN
2010-08-22,NaN,0.002977,NaN
2010-08-23,NaN,0.002978,NaN
2010-08-24,NaN,0.002979,NaN
2010-08-25,NaN,0.002980,NaN
2010-08-26,NaN,0.002980,NaN
2010-08-27,NaN,0.002981,NaN
2010-08-28,NaN,0.002982,NaN
2010-08-29,NaN,0.002983,NaN
2010-08-30,NaN,0.002984,NaN
2010-08-31,0.003364,0.002985,0.000379
2010-09-01,NaN,0.002986,NaN
2010-09-02,NaN,0.002986,NaN
2010-09-03,0.004812,0.002987,0.001825
2010-09-04,NaN,0.002988,NaN
2010-09-05,0.003508,0.002989,0.000519
2010-09-06,NaN,0.002990,NaN
2010-09-07,NaN,0.002991,NaN
2010-09-08,0.004380,0.002992,0.001388
2010-09-09,0.004926,0.002992,0.001934
2010-09-10,NaN,0.002993,NaN
2010-09-11,NaN,0.002994,NaN
2010-09-12,0.005110,0.002995,0.002115
2010-09-13,NaN,0.002996,NaN
2010-09-14,NaN,0.002997,NaN
2010-09-15,NaN,0.002998,NaN
2010-09-16,NaN,0.003023,NaN
2010-09-17,NaN,0.003047,NaN
2010-09-18,NaN,0.003072,NaN
2010-09-19,0.004736,0.003097,0.001639
2010-09-20,NaN,0.003122,NaN
2010-09-21,0.004958,0.003147,0.001811
2010-09-22,NaN,0.003172,NaN
2010-09-23,NaN,0.003197,NaN
2010-09-24,NaN,0.003221,NaN
2010-09-25,NaN,0.003246,NaN
2010-09-26,NaN,0.003271,NaN
2010-09-27,NaN,0.003296,NaN
2010-09-28,NaN,0.003321,NaN
2010-09-29,NaN,0.003346,NaN
2010-09-30,NaN,0.003371,NaN
2010-10-01,0.003814,0.003395,0.000419
2010-10-02,0.004610,0.003420,0.001190
2010-10-03,0.002358,0.003445,-0.001087
2010-10-04,0.005002,0.003470,0.001532
2010-10-05,NaN,0.003495,NaN
2010-10-06,NaN,0.003520,NaN
2010-10-07,0.007366,0.003545,0.003821
2010-10-08,0.005856,0.003569,0.002287
2010-10-09,0.004823,0.003594,0.001229
2010-10-10,0.003694,0.003619,0.000075
2010-10-11,0.005428,0.003644,0.001784
2010-10-12,NaN,0.003669,NaN
2010-10-13,NaN,0.003694,NaN
2010-10-14,NaN,0.003719,NaN
2010-10-15,0.005510,0.003744,0.001766
2010-10-16,0.005810,0.003757,0.002053
2010-10-17,0.004592,0.003770,0.000822
2010-10-18,0.005714,0.003783,0.001931
2010-10-19,0.004142,0.003797,0.000345
2010-10-20,NaN,0.003810,NaN
2010-10-21,0.004258,0.003823,0.000435
2010-10-22,0.008432,0.003836,0.004596
2010-10-23,0.005576,0.003850,0.001726
2010-10-24,0.004820,0.003863,0.000957
2010-10-25,NaN,0.003876,NaN
2010-10-26,NaN,0.003890,NaN
2010-10-27,0.005606,0.003903,0.001703
2010-10-28,NaN,0.003916,NaN
2010-10-29,0.005250,0.003929,0.001321
2010-10-30,NaN,0.003943,NaN
2010-10-31,0.004370,0.003956,0.000414
2010-11-01,0.001840,0.003969,-0.002129
2010-11-02,0.005514,0.003982,0.001532
2010-11-03,NaN,0.003996,NaN
2010-11-04,NaN,0.004009,NaN
2010-11-05,0.010620,0.004022,0.006598
2010-11-06,0.007720,0.004036,0.003684
2010-11-07,0.008904,0.004049,0.004855
2010-11-08,NaN,0.004062,NaN
2010-11-09,0.005754,0.004075,0.001679
2010-11-10,0.005218,0.004089,0.001129
2010-11-11,0.003772,0.004102,-0.000330
2010-11-12,0.005332,0.004115,0.001217
2010-11-13,0.008722,0.004128,0.004594
2010-11-14,0.004596,0.004142,0.000454
2010-11-15,0.002644,0.004155,-0.001511
2010-11-16,0.003743,0.004158,-0.000415
2010-11-17,0.003668,0.004160,-0.000492
2010-11-18,NaN,0.004163,NaN
2010-11-19,NaN,0.004166,NaN
2010-11-20,NaN,0.004168,NaN
2010-11-21,0.004728,0.004171,0.000557
2010-11-22,NaN,0.004174,NaN
2010-11-23,0.005538,0.004176,0.001362
2010-11-24,0.004780,0.004179,0.000601
2010-11-25,NaN,0.004182,NaN
2010-11-26,0.005419,0.004184,0.001235
2010-11-27,NaN,0.004187,NaN
2010-11-28,NaN,0.004190,NaN
2010-11-29,0.003302,0.004192,-0.000890
2010-11-30,0.005268,0.004195,0.001073
2010-12-01,NaN,0.004197,NaN
2010-12-02,NaN,0.004200,NaN
2010-12-03,0.006908,0.004203,0.002705
2010-12-04,0.005072,0.004205,0.000867
2010-12-05,0.004876,0.004208,0.000668
2010-12-06,NaN,0.004211,NaN
2010-12-07,0.008512,0.004213,0.004299
2010-12-08,0.006776,0.004216,0.002560
2010-12-09,NaN,0.004219,NaN
2010-12-10,0.006518,0.004221,0.002297
2010-12-11,0.006312,0.004224,0.002088
2010-12-12,0.005810,0.004227,0.001583
2010-12-13,NaN,0.004229,NaN
2010-12-14,0.008266,0.004232,0.004034
2010-12-15,0.009482,0.004235,0.005247
2010-12-16,0.011327,0.004250,0.007077
2010-12-17,0.007592,0.004265,0.003327
2010-12-18,NaN,0.004280,NaN
2010-12-19,0.007660,0.004295,0.003365
2010-12-20,0.007922,0.004310,0.003612
2010-12-21,0.006980,0.004326,0.002654
2010-12-22,0.004260,0.004341,-0.000081
2010-12-23,0.006086,0.004356,0.001730
2010-12-24,0.006676,0.004371,0.002305
2010-12-25,0.005132,0.004386,0.000746
2010-12-26,NaN,0.004401,NaN
2010-12-27,0.009026,0.004417,0.004609
2010-12-28,0.006288,0.004432,0.001856
2010-12-29,NaN,0.004447,NaN
2010-12-30,NaN,0.004462,NaN
2010-12-31,NaN,0.004477,NaN
2011-01-01,0.007068,0.004492,0.002576
2011-01-02,0.005208,0.004507,0.000701
2011-01-03,NaN,0.004523,NaN
2011-01-04,0.005179,0.004538,0.000641
2011-01-05,0.004437,0.004553,-0.000116
2011-01-06,NaN,0.004568,NaN
2011-01-07,0.004552,0.004583,-0.000031
2011-01-08,0.007270,0.004598,0.002672
2011-01-09,NaN,0.004614,NaN
2011-01-10,NaN,0.004629,NaN
2011-01-11,0.004686,0.004644,0.000042
2011-01-12,NaN,0.004659,NaN
2011-01-13,0.013164,0.004674,0.008490
2011-01-14,NaN,0.004689,NaN
2011-01-15,0.007362,0.004704,0.002658
2011-01-16,NaN,0.004694,NaN
2011-01-17,NaN,0.004684,NaN
2011-01-18,0.004324,0.004673,-0.000349
2011-01-19,0.005658,0.004663,0.000995
2011-01-20,0.004236,0.004652,-0.000416
2011-01-21,NaN,0.004642,NaN
2011-01-22,NaN,0.004632,NaN
2011-01-23,0.012078,0.004621,0.007457
2011-01-24,NaN,0.004611,NaN
2011-01-25,NaN,0.004600,NaN
2011-01-26,NaN,0.004590,NaN
2011-01-27,NaN,0.004580,NaN
2011-01-28,NaN,0.004569,NaN
2011-01-29,0.006388,0.004559,0.001829
2011-01-30,0.004910,0.004548,0.000362
2011-01-31,0.003094,0.004538,-0.001444
2011-02-01,0.004462,0.004528,-0.000066
2011-02-02,NaN,0.004517,NaN
2011-02-03,0.005128,0.004507,0.000621
2011-02-04,0.006310,0.004496,0.001814
2011-02-05,0.007028,0.004486,0.002542
2011-02-06,0.005166,0.004475,0.000691
2011-02-07,0.006478,0.004465,0.002013
2011-02-08,NaN,0.004455,NaN
2011-02-09,NaN,0.004444,NaN
2011-02-10,NaN,0.004434,NaN
2011-02-11,NaN,0.004423,NaN
2011-02-12,NaN,0.004413,NaN
2011-02-13,0.006908,0.004403,0.002505
2011-02-14,0.007170,0.004392,0.002778
2011-02-15,0.005532,0.004382,0.001150
2011-02-16,0.006942,0.004367,0.002575
2011-02-17,NaN,0.004353,NaN
2011-02-18,0.005886,0.004338,0.001548
2011-02-19,0.005016,0.004323,0.000693
2011-02-20,0.005416,0.004309,0.001107
2011-02-21,0.005610,0.004294,0.001316
2011-02-22,0.005512,0.004280,0.001232
2011-02-23,0.006250,0.004265,0.001985
2011-02-24,NaN,0.004250,NaN
2011-02-25,0.005579,0.004236,0.001343
2011-02-26,0.004498,0.004221,0.000277
2011-02-27,0.006182,0.004207,0.001975
2011-02-28,0.006056,0.004192,0.001864
2011-03-01,NaN,0.004177,NaN
2011-03-02,0.005737,0.004163,0.001574
2011-03-03,NaN,0.004148,NaN
2011-03-04,NaN,0.004134,NaN
2011-03-05,NaN,0.004119,NaN
2011-03-06,NaN,0.004104,NaN
2011-03-07,0.004218,0.004090,0.000128
2011-03-08,0.003283,0.004075,-0.000792
2011-03-09,0.006970,0.004061,0.002909
2011-03-10,NaN,0.004046,NaN
2011-03-11,0.005730,0.004031,0.001699
2011-03-12,0.005476,0.004017,0.001459
2011-03-13,0.005006,0.004002,0.001004
2011-03-14,0.003048,0.003988,-0.000940
2011-03-15,0.005884,0.003973,0.001911
2011-03-16,0.004354,0.003958,0.000396
2011-03-17,0.005108,0.003943,0.001165
2011-03-18,0.005880,0.003928,0.001952
2011-03-19,0.004716,0.003913,0.000803
2011-03-20,0.005563,0.003899,0.001664
2011-03-21,NaN,0.003884,NaN
2011-03-22,NaN,0.003869,NaN
2011-03-23,0.004926,0.003854,0.001072
2011-03-24,0.004898,0.003839,0.001059
2011-03-25,0.004786,0.003824,0.000962
2011-03-26,0.004170,0.003809,0.000361
2011-03-27,0.005914,0.003794,0.002120
2011-03-28,NaN,0.003779,NaN
2011-03-29,NaN,0.003765,NaN
2011-03-30,NaN,0.003750,NaN
2011-03-31,NaN,0.003735,NaN
2011-04-01,NaN,0.003720,NaN
2011-04-02,NaN,0.003705,NaN
2011-04-03,0.005204,0.003690,0.001514
2011-04-04,NaN,0.003675,NaN
2011-04-05,NaN,0.003660,NaN
2011-04-06,NaN,0.003645,NaN
2011-04-07,NaN,0.003631,NaN
2011-04-08,0.004758,0.003616,0.001142
2011-04-09,NaN,0.003601,NaN
2011-04-10,0.004608,0.003586,0.001022
2011-04-11,NaN,0.003571,NaN
2011-04-12,0.005215,0.003556,0.001659
2011-04-13,0.003643,0.003541,0.000102
2011-04-14,NaN,0.003526,NaN
2011-04-15,NaN,0.003511,NaN
2011-04-16,NaN,0.003502,NaN
2011-04-17,0.003548,0.003492,0.000056
2011-04-18,0.003958,0.003482,0.000476
2011-04-19,0.004964,0.003473,0.001491
2011-04-20,NaN,0.003463,NaN
2011-04-21,0.004022,0.003453,0.000569
2011-04-22,NaN,0.003444,NaN
2011-04-23,NaN,0.003434,NaN
2011-04-24,0.004842,0.003424,0.001418
2011-04-25,NaN,0.003415,NaN
2011-04-26,0.004078,0.003405,0.000673
2011-04-27,0.003886,0.003395,0.000491
2011-04-28,0.005332,0.003386,0.001946
2011-04-29,NaN,0.003376,NaN
2011-04-30,NaN,0.003366,NaN
2011-05-01,NaN,0.003356,NaN
2011-05-02,NaN,0.003347,NaN
2011-05-03,NaN,0.003337,NaN
2011-05-04,0.004542,0.003327,0.001215
2011-05-05,0.004906,0.003318,0.001588
2011-05-06,0.003976,0.003308,0.000668
2011-05-07,0.004656,0.003298,0.001358
2011-05-08,0.001832,0.003289,-0.001457
2011-05-09,NaN,0.003279,NaN
2011-05-10,0.003606,0.003269,0.000337
2011-05-11,0.004598,0.003260,0.001338
2011-05-12,NaN,0.003250,NaN
2011-05-13,NaN,0.003240,NaN
2011-05-14,NaN,0.003231,NaN
2011-05-15,NaN,0.003221,NaN
2011-05-16,NaN,0.003223,NaN
2011-05-17,NaN,0.003224,NaN
2011-05-18,NaN,0.003226,NaN
2011-05-19,0.003282,0.003227,0.000055
2011-05-20,0.003540,0.003229,0.000311
2011-05-21,0.003590,0.003231,0.000359
2011-05-22,0.003542,0.003232,0.000310
2011-05-23,NaN,0.003234,NaN
2011-05-24,0.002388,0.003236,-0.000848
2011-05-25,NaN,0.003237,NaN
2011-05-26,NaN,0.003239,NaN
2011-05-27,0.004826,0.003240,0.001586
2011-05-28,0.004340,0.003242,0.001098
2011-05-29,0.003984,0.003244,0.000740
2011-05-30,0.003653,0.003245,0.000408
2011-05-31,NaN,0.003247,NaN
2011-06-01,NaN,0.003249,NaN
2011-06-02,0.003902,0.003250,0.000652
2011-06-03,NaN,0.003252,NaN
2011-06-04,0.005312,0.003253,0.002059
2011-06-05,0.002964,0.003255,-0.000291
2011-06-06,NaN,0.003257,NaN
2011-06-07,NaN,0.003258,NaN
2011-06-08,NaN,0.003260,NaN
2011-06-09,NaN,0.003262,NaN
2011-06-10,NaN,0.003263,NaN
2011-06-11,NaN,0.003265,NaN
2011-06-12,0.004540,0.003266,0.001274
2011-06-13,0.004734,0.003268,0.001466
2011-06-14,0.003262,0.003270,-0.000008
2011-06-15,0.003785,0.003271,0.000514
2011-06-16,NaN,0.003268,NaN
2011-06-17,NaN,0.003264,NaN
2011-06-18,NaN,0.003261,NaN
2011-06-19,NaN,0.003257,NaN
2011-06-20,NaN,0.003254,NaN
2011-06-21,0.003878,0.003250,0.000628
2011-06-22,0.004220,0.003247,0.000973
2011-06-23,0.004020,0.003243,0.000777
2011-06-24,NaN,0.003240,NaN
2011-06-25,NaN,0.003236,NaN
2011-06-26,NaN,0.003233,NaN
2011-06-27,NaN,0.003229,NaN
2011-06-28,NaN,0.003226,NaN
2011-06-29,NaN,0.003222,NaN
2011-06-30,NaN,0.003219,NaN
2011-07-01,NaN,0.003215,NaN
2011-07-02,NaN,0.003212,NaN
2011-07-03,NaN,0.003208,NaN
2011-07-04,NaN,0.003205,NaN
2011-07-05,NaN,0.003201,NaN
2011-07-06,NaN,0.003198,NaN
2011-07-07,NaN,0.003194,NaN
2011-07-08,NaN,0.003191,NaN
2011-07-09,NaN,0.003188,NaN
2011-07-10,NaN,0.003184,NaN
2011-07-11,NaN,0.003181,NaN
2011-07-12,NaN,0.003177,NaN
2011-07-13,0.003160,0.003174,-0.000014
2011-07-14,0.003090,0.003170,-0.000080
2011-07-15,0.002570,0.003167,-0.000597
2011-07-16,0.002188,0.003160,-0.000972
2011-07-17,0.005916,0.003154,0.002762
2011-07-18,0.002238,0.003148,-0.000910
2011-07-19,NaN,0.003141,NaN
2011-07-20,0.001093,0.003135,-0.002042
2011-07-21,NaN,0.003129,NaN
2011-07-22,0.004230,0.003122,0.001108
2011-07-23,0.002896,0.003116,-0.000220
2011-07-24,0.005030,0.003110,0.001920
2011-07-25,0.002796,0.003103,-0.000307
2011-07-26,NaN,0.003097,NaN
2011-07-27,NaN,0.003091,NaN
2011-07-28,NaN,0.003085,NaN
2011-07-29,0.003044,0.003078,-0.000034
2011-07-30,NaN,0.003072,NaN
2011-07-31,0.002742,0.003066,-0.000324
2011-08-01,0.002240,0.003059,-0.000819
2011-08-02,0.005526,0.003053,0.002473
2011-08-03,NaN,0.003047,NaN
2011-08-04,NaN,0.003040,NaN
2011-08-05,0.002678,0.003034,-0.000356
2011-08-06,NaN,0.003028,NaN
2011-08-07,NaN,0.003021,NaN
2011-08-08,NaN,0.003015,NaN
2011-08-09,NaN,0.003009,NaN
2011-08-10,NaN,0.003002,NaN
2011-08-11,NaN,0.002996,NaN
2011-08-12,NaN,0.002990,NaN
2011-08-13,NaN,0.002984,NaN
2011-08-14,NaN,0.002977,NaN
2011-08-15,NaN,0.002971,NaN
2011-08-16,NaN,0.002972,NaN
2011-08-17,NaN,0.002973,NaN
2011-08-18,NaN,0.002974,NaN
2011-08-19,NaN,0.002974,NaN
2011-08-20,NaN,0.002975,NaN
2011-08-21,NaN,0.002976,NaN
2011-08-22,NaN,0.002977,NaN
2011-08-23,NaN,0.002978,NaN
2011-08-24,NaN,0.002979,NaN
2011-08-25,0.002973,0.002980,-0.000007
2011-08-26,NaN,0.002980,NaN
2011-08-27,0.006405,0.002981,0.003424
2011-08-28,NaN,0.002982,NaN
2011-08-29,NaN,0.002983,NaN
2011-08-30,NaN,0.002984,NaN
2011-08-31,NaN,0.002985,NaN
2011-09-01,NaN,0.002986,NaN
2011-09-02,NaN,0.002986,NaN
2011-09-03,NaN,0.002987,NaN
2011-09-04,NaN,0.002988,NaN
2011-09-05,NaN,0.002989,NaN
2011-09-06,NaN,0.002990,NaN
2011-09-07,NaN,0.002991,NaN
2011-09-08,0.003679,0.002992,0.000687
2011-09-09,0.003330,0.002992,0.000338
2011-09-10,0.003374,0.002993,0.000381
2011-09-11,NaN,0.002994,NaN
2011-09-12,NaN,0.002995,NaN
2011-09-13,0.002632,0.002996,-0.000364
2011-09-14,NaN,0.002997,NaN
2011-09-15,0.002166,0.002998,-0.000832
2011-09-16,0.003130,0.003023,0.000107
2011-09-17,0.003554,0.003047,0.000507
2011-09-18,0.002188,0.003072,-0.000884
2011-09-19,0.003300,0.003097,0.000203
2011-09-20,NaN,0.003122,NaN
2011-09-21,NaN,0.003147,NaN
2011-09-22,NaN,0.003172,NaN
2011-09-23,0.002896,0.003197,-0.000301
2011-09-24,NaN,0.003221,NaN
2011-09-25,NaN,0.003246,NaN
2011-09-26,NaN,0.003271,NaN
2011-09-27,0.002726,0.003296,-0.000570
2011-09-28,NaN,0.003321,NaN
2011-09-29,NaN,0.003346,NaN
2011-09-30,0.000534,0.003371,-0.002837
2011-10-01,NaN,0.003395,NaN
2011-10-02,0.003792,0.003420,0.000372
2011-10-03,0.003518,0.003445,0.000073
2011-10-04,NaN,0.003470,NaN
2011-10-05,0.004727,0.003495,0.001232
2011-10-06,NaN,0.003520,NaN
2011-10-07,NaN,0.003545,NaN
2011-10-08,NaN,0.003569,NaN
2011-10-09,0.004268,0.003594,0.000674
2011-10-10,0.002796,0.003619,-0.000823
2011-10-11,0.002978,0.003644,-0.000666
2011-10-12,0.004024,0.003669,0.000355
2011-10-13,NaN,0.003694,NaN
2011-10-14,NaN,0.003719,NaN
2011-10-15,NaN,0.003744,NaN
2011-10-16,NaN,0.003757,NaN
2011-10-17,NaN,0.003770,NaN
2011-10-18,NaN,0.003783,NaN
2011-10-19,NaN,0.003797,NaN
2011-10-20,NaN,0.003810,NaN
2011-10-21,0.006236,0.003823,0.002413
2011-10-22,0.005368,0.003836,0.001532
2011-10-23,NaN,0.003850,NaN
2011-10-24,NaN,0.003863,NaN
2011-10-25,NaN,0.003876,NaN
2011-10-26,NaN,0.003890,NaN
2011-10-27,NaN,0.003903,NaN
2011-10-28,0.004903,0.003916,0.000987
2011-10-29,NaN,0.003929,NaN
2011-10-30,NaN,0.003943,NaN
2011-10-31,NaN,0.003956,NaN
2011-11-01,0.007440,0.003969,0.003471
2011-11-02,NaN,0.003982,NaN
2011-11-03,0.006144,0.003996,0.002148
2011-11-04,0.004812,0.004009,0.000803
2011-11-05,0.005752,0.004022,0.001730
2011-11-06,NaN,0.004036,NaN
2011-11-07,0.004886,0.004049,0.000837
2011-11-08,0.004834,0.004062,0.000772
2011-11-09,0.003892,0.004075,-0.000183
2011-11-10,0.004096,0.004089,0.000007
2011-11-11,0.005402,0.004102,0.001300
2011-11-12,0.005406,0.004115,0.001291
2011-11-13,NaN,0.004128,NaN
2011-11-14,NaN,0.004142,NaN
2011-11-15,0.005872,0.004155,0.001717
2011-11-16,NaN,0.004158,NaN
2011-11-17,0.004184,0.004160,0.000024
2011-11-18,0.003718,0.004163,-0.000445
2011-11-19,NaN,0.004166,NaN
2011-11-20,0.004649,0.004168,0.000481
2011-11-21,NaN,0.004171,NaN
2011-11-22,0.006418,0.004174,0.002244
2011-11-23,0.003456,0.004176,-0.000720
2011-11-24,0.004728,0.004179,0.000549
2011-11-25,NaN,0.004182,NaN
2011-11-26,0.005220,0.004184,0.001036
2011-11-27,0.001996,0.004187,-0.002191
2011-11-28,NaN,0.004190,NaN
2011-11-29,0.002000,0.004192,-0.002192
2011-11-30,0.003850,0.004195,-0.000345
2011-12-01,0.005286,0.004197,0.001089
2011-12-02,NaN,0.004200,NaN
2011-12-03,0.005982,0.004203,0.001779
2011-12-04,0.004776,0.004205,0.000571
2011-12-05,0.003978,0.004208,-0.000230
2011-12-06,0.003888,0.004211,-0.000323
2011-12-07,NaN,0.004213,NaN
2011-12-08,0.006232,0.004216,0.002016
2011-12-09,NaN,0.004219,NaN
2011-12-10,0.004324,0.004221,0.000103
2011-12-11,NaN,0.004224,NaN
2011-12-12,0.003954,0.004227,-0.000273
2011-12-13,0.006668,0.004229,0.002439
2011-12-14,0.009616,0.004232,0.005384
2011-12-15,NaN,0.004235,NaN
2011-12-16,0.002762,0.004250,-0.001488
2011-12-17,0.004178,0.004265,-0.000087
2011-12-18,NaN,0.004280,NaN
2011-12-19,0.005098,0.004295,0.000803
2011-12-20,NaN,0.004310,NaN
2011-12-21,0.005925,0.004326,0.001599
2011-12-22,0.004478,0.004341,0.000137
2011-12-23,NaN,0.004356,NaN
2011-12-24,0.004818,0.004371,0.000447
2011-12-25,NaN,0.004386,NaN
2011-12-26,0.004304,0.004401,-0.000097
2011-12-27,0.003110,0.004417,-0.001307
2011-12-28,0.005716,0.004432,0.001284
2011-12-29,NaN,0.004447,NaN
2011-12-30,0.003514,0.004462,-0.000948
2011-12-31,0.004106,0.004477,-0.000371
2012-01-01,0.002786,0.004492,-0.001706
2012-01-02,NaN,0.004507,NaN
2012-01-03,0.004398,0.004523,-0.000125
2012-01-04,0.007042,0.004538,0.002504
2012-01-05,0.005533,0.004553,0.000980
2012-01-06,0.004316,0.004568,-0.000252
2012-01-07,0.004370,0.004583,-0.000213
2012-01-08,0.002798,0.004598,-0.001800
2012-01-09,0.004306,0.004614,-0.000308
2012-01-10,NaN,0.004629,NaN
2012-01-11,NaN,0.004644,NaN
2012-01-12,NaN,0.004659,NaN
2012-01-13,0.005558,0.004674,0.000884
2012-01-14,NaN,0.004689,NaN
2012-01-15,0.008376,0.004704,0.003672
2012-01-16,0.007579,0.004694,0.002885
2012-01-17,0.001838,0.004684,-0.002846
2012-01-18,0.005250,0.004673,0.000577
2012-01-19,NaN,0.004663,NaN
2012-01-20,0.004258,0.004652,-0.000394
2012-01-21,0.003664,0.004642,-0.000978
2012-01-22,0.007522,0.004632,0.002890
2012-01-23,0.003266,0.004621,-0.001355
2012-01-24,0.002616,0.004611,-0.001995
2012-01-25,0.003652,0.004600,-0.000948
2012-01-26,NaN,0.004590,NaN
2012-01-27,0.004226,0.004580,-0.000354
2012-01-28,NaN,0.004569,NaN
2012-01-29,NaN,0.004559,NaN
2012-01-30,NaN,0.004548,NaN
2012-01-31,NaN,0.004538,NaN
2012-02-01,0.005360,0.004528,0.000832
2012-02-02,NaN,0.004517,NaN
2012-02-03,NaN,0.004507,NaN
2012-02-04,NaN,0.004496,NaN
2012-02-05,NaN,0.004486,NaN
2012-02-06,NaN,0.004475,NaN
2012-02-07,NaN,0.004465,NaN
2012-02-08,NaN,0.004455,NaN
2012-02-09,NaN,0.004444,NaN
2012-02-10,NaN,0.004434,NaN
2012-02-11,NaN,0.004423,NaN
2012-02-12,0.004187,0.004413,-0.000226
2012-02-13,NaN,0.004403,NaN
2012-02-14,0.005150,0.004392,0.000758
2012-02-15,0.004124,0.004382,-0.000258
2012-02-16,NaN,0.004367,NaN
2012-02-17,0.004714,0.004353,0.000361
2012-02-18,0.004446,0.004338,0.000108
2012-02-19,0.003983,0.004323,-0.000340
2012-02-20,NaN,0.004309,NaN
2012-02-21,NaN,0.004294,NaN
2012-02-22,0.002738,0.004280,-0.001542
2012-02-23,0.003182,0.004265,-0.001083
2012-02-24,0.003306,0.004250,-0.000944
2012-02-25,NaN,0.004236,NaN
2012-02-26,NaN,0.004221,NaN
2012-02-27,NaN,0.004207,NaN
2012-02-28,0.003302,0.004192,-0.000890
2012-02-29,NaN,0.004177,NaN
2012-03-01,0.005370,0.004163,0.001207
2012-03-02,0.003914,0.004148,-0.000234
2012-03-03,0.004298,0.004134,0.000164
2012-03-04,NaN,0.004119,NaN
2012-03-05,0.004970,0.004104,0.000866
2012-03-06,NaN,0.004090,NaN
2012-03-07,NaN,0.004075,NaN
2012-03-08,NaN,0.004061,NaN
2012-03-09,NaN,0.004046,NaN
2012-03-10,0.003586,0.004031,-0.000445
2012-03-11,NaN,0.004017,NaN
2012-03-12,NaN,0.004002,NaN
2012-03-13,0.004366,0.003988,0.000378
2012-03-14,0.003190,0.003973,-0.000783
2012-03-15,NaN,0.003958,NaN
2012-03-16,0.001898,0.003943,-0.002045
2012-03-17,NaN,0.003928,NaN
2012-03-18,0.003234,0.003913,-0.000679
2012-03-19,0.003380,0.003899,-0.000519
2012-03-20,0.004440,0.003884,0.000556
2012-03-21,NaN,0.003869,NaN
2012-03-22,0.002678,0.003854,-0.001176
2012-03-23,NaN,0.003839,NaN
2012-03-24,NaN,0.003824,NaN
2012-03-25,NaN,0.003809,NaN
2012-03-26,NaN,0.003794,NaN
2012-03-27,NaN,0.003779,NaN
2012-03-28,0.004742,0.003765,0.000977
2012-03-29,0.004728,0.003750,0.000978
2012-03-30,NaN,0.003735,NaN
2012-03-31,NaN,0.003720,NaN
2012-04-01,NaN,0.003705,NaN
2012-04-02,0.003606,0.003690,-0.000084
2012-04-03,0.001772,0.003675,-0.001903
2012-04-04,NaN,0.003660,NaN
2012-04-05,0.004234,0.003645,0.000589
2012-04-06,NaN,0.003631,NaN
2012-04-07,0.004798,0.003616,0.001182
2012-04-08,NaN,0.003601,NaN
2012-04-09,NaN,0.003586,NaN
2012-04-10,0.003114,0.003571,-0.000457
2012-04-11,0.003524,0.003556,-0.000032
2012-04-12,0.003634,0.003541,0.000093
2012-04-13,0.003384,0.003526,-0.000142
2012-04-14,NaN,0.003511,NaN
2012-04-15,NaN,0.003502,NaN
2012-04-16,NaN,0.003492,NaN
2012-04-17,NaN,0.003482,NaN
2012-04-18,NaN,0.003473,NaN
2012-04-19,NaN,0.003463,NaN
2012-04-20,NaN,0.003453,NaN
2012-04-21,NaN,0.003444,NaN
2012-04-22,NaN,0.003434,NaN
2012-04-23,0.005368,0.003424,0.001944
2012-04-24,0.003024,0.003415,-0.000391
2012-04-25,NaN,0.003405,NaN
2012-04-26,0.004220,0.003395,0.000825
2012-04-27,NaN,0.003386,NaN
2012-04-28,NaN,0.003376,NaN
2012-04-29,NaN,0.003366,NaN
2012-04-30,NaN,0.003356,NaN
2012-05-01,NaN,0.003347,NaN
2012-05-02,NaN,0.003337,NaN
2012-05-03,NaN,0.003327,NaN
2012-05-04,NaN,0.003318,NaN
2012-05-05,0.003316,0.003308,0.000008
2012-05-06,NaN,0.003298,NaN
2012-05-07,NaN,0.003289,NaN
2012-05-08,NaN,0.003279,NaN
2012-05-09,0.004158,0.003269,0.000889
2012-05-10,0.002132,0.003260,-0.001128
2012-05-11,NaN,0.003250,NaN
2012-05-12,NaN,0.003240,NaN
2012-05-13,NaN,0.003231,NaN
2012-05-14,0.003192,0.003221,-0.000029
2012-05-15,NaN,0.003223,NaN
2012-05-16,NaN,0.003224,NaN
2012-05-17,NaN,0.003226,NaN
2012-05-18,NaN,0.003227,NaN
2012-05-19,NaN,0.003229,NaN
2012-05-20,NaN,0.003231,NaN
2012-05-21,NaN,0.003232,NaN
2012-05-22,0.003682,0.003234,0.000448
2012-05-23,NaN,0.003236,NaN
2012-05-24,NaN,0.003237,NaN
2012-05-25,0.004571,0.003239,0.001332
2012-05-26,0.002740,0.003240,-0.000500
2012-05-27,NaN,0.003242,NaN
2012-05-28,NaN,0.003244,NaN
2012-05-29,NaN,0.003245,NaN
2012-05-30,NaN,0.003247,NaN
2012-05-31,NaN,0.003249,NaN
2012-06-01,NaN,0.003250,NaN
2012-06-02,NaN,0.003252,NaN
2012-06-03,NaN,0.003253,NaN
2012-06-04,NaN,0.003255,NaN
2012-06-05,NaN,0.003257,NaN
2012-06-06,NaN,0.003258,NaN
2012-06-07,NaN,0.003260,NaN
2012-06-08,0.003488,0.003262,0.000226
2012-06-09,0.003142,0.003263,-0.000121
2012-06-10,NaN,0.003265,NaN
2012-06-11,NaN,0.003266,NaN
2012-06-12,NaN,0.003268,NaN
2012-06-13,NaN,0.003270,NaN
2012-06-14,0.001660,0.003271,-0.001611
2012-06-15,0.003738,0.003268,0.000470
2012-06-16,NaN,0.003264,NaN
2012-06-17,0.004418,0.003261,0.001157
2012-06-18,NaN,0.003257,NaN
2012-06-19,NaN,0.003254,NaN
2012-06-20,NaN,0.003250,NaN
2012-06-21,NaN,0.003247,NaN
2012-06-22,NaN,0.003243,NaN
2012-06-23,NaN,0.003240,NaN
2012-06-24,NaN,0.003236,NaN
2012-06-25,NaN,0.003233,NaN
2012-06-26,NaN,0.003229,NaN
2012-06-27,NaN,0.003226,NaN
2012-06-28,NaN,0.003222,NaN
2012-06-29,0.002808,0.003219,-0.000411
2012-06-30,0.002208,0.003215,-0.001007
2012-07-01,NaN,0.003212,NaN
2012-07-02,NaN,0.003208,NaN
2012-07-03,0.002382,0.003205,-0.000823
2012-07-04,NaN,0.003201,NaN
2012-07-05,NaN,0.003198,NaN
2012-07-06,NaN,0.003194,NaN
2012-07-07,NaN,0.003191,NaN
2012-07-08,0.003205,0.003188,0.000017
2012-07-09,NaN,0.003184,NaN
2012-07-10,NaN,0.003181,NaN
2012-07-11,NaN,0.003177,NaN
2012-07-12,NaN,0.003174,NaN
2012-07-13,NaN,0.003170,NaN
2012-07-14,NaN,0.003167,NaN
2012-07-15,NaN,0.003160,NaN
2012-07-16,NaN,0.003154,NaN
2012-07-17,NaN,0.003148,NaN
2012-07-18,NaN,0.003141,NaN
2012-07-19,NaN,0.003135,NaN
2012-07-20,0.003162,0.003129,0.000033
2012-07-21,NaN,0.003122,NaN
2012-07-22,NaN,0.003116,NaN
2012-07-23,NaN,0.003110,NaN
2012-07-24,NaN,0.003103,NaN
2012-07-25,NaN,0.003097,NaN
2012-07-26,0.003300,0.003091,0.000209
2012-07-27,NaN,0.003085,NaN
2012-07-28,NaN,0.003078,NaN
2012-07-29,NaN,0.003072,NaN
2012-07-30,NaN,0.003066,NaN
2012-07-31,0.004250,0.003059,0.001191
2012-08-01,NaN,0.003053,NaN
2012-08-02,0.002254,0.003047,-0.000793
2012-08-03,0.001758,0.003040,-0.001282
2012-08-04,0.003096,0.003034,0.000062
2012-08-05,NaN,0.003028,NaN
2012-08-06,NaN,0.003021,NaN
2012-08-07,NaN,0.003015,NaN
2012-08-08,NaN,0.003009,NaN
2012-08-09,0.003798,0.003002,0.000796
2012-08-10,NaN,0.002996,NaN
2012-08-11,NaN,0.002990,NaN
2012-08-12,NaN,0.002984,NaN
2012-08-13,NaN,0.002977,NaN
2012-08-14,NaN,0.002971,NaN
2012-08-15,NaN,0.002972,NaN
2012-08-16,NaN,0.002973,NaN
2012-08-17,NaN,0.002974,NaN
2012-08-18,NaN,0.002974,NaN
2012-08-19,0.000984,0.002975,-0.001991
2012-08-20,0.003450,0.002976,0.000474
2012-08-21,0.003102,0.002977,0.000125
2012-08-22,NaN,0.002978,NaN
2012-08-23,NaN,0.002979,NaN
2012-08-24,NaN,0.002980,NaN
2012-08-25,NaN,0.002980,NaN
2012-08-26,NaN,0.002981,NaN
2012-08-27,NaN,0.002982,NaN
2012-08-28,0.006812,0.002983,0.003829
2012-08-29,0.003401,0.002984,0.000417
2012-08-30,NaN,0.002985,NaN
2012-08-31,NaN,0.002986,NaN
2012-09-01,NaN,0.002986,NaN
2012-09-02,0.002122,0.002987,-0.000865
2012-09-03,NaN,0.002988,NaN
2012-09-04,NaN,0.002989,NaN
2012-09-05,0.007120,0.002990,0.004130
2012-09-06,0.001978,0.002991,-0.001013
2012-09-07,0.002699,0.002992,-0.000293
2012-09-08,0.004022,0.002992,0.001030
2012-09-09,NaN,0.002993,NaN
2012-09-10,0.003576,0.002994,0.000582
2012-09-11,0.004160,0.002995,0.001165
2012-09-12,NaN,0.002996,NaN
2012-09-13,NaN,0.002997,NaN
2012-09-14,NaN,0.002998,NaN
2012-09-15,NaN,0.003023,NaN
2012-09-16,NaN,0.003047,NaN
2012-09-17,NaN,0.003072,NaN
2012-09-18,0.003780,0.003097,0.000683
2012-09-19,NaN,0.003122,NaN
2012-09-20,NaN,0.003147,NaN
2012-09-21,NaN,0.003172,NaN
2012-09-22,NaN,0.003197,NaN
2012-09-23,NaN,0.003221,NaN
2012-09-24,NaN,0.003246,NaN
2012-09-25,NaN,0.003271,NaN
2012-09-26,NaN,0.003296,NaN
2012-09-27,0.001633,0.003321,-0.001688
2012-09-28,0.003216,0.003346,-0.000130
2012-09-29,0.003368,0.003371,-0.000003
2012-09-30,NaN,0.003395,NaN
2012-10-01,NaN,0.003420,NaN
2012-10-02,NaN,0.003445,NaN
2012-10-03,NaN,0.003470,NaN
2012-10-04,0.002647,0.003495,-0.000848
2012-10-05,0.005704,0.003520,0.002184
2012-10-06,NaN,0.003545,NaN
2012-10-07,NaN,0.003569,NaN
2012-10-08,NaN,0.003594,NaN
2012-10-09,NaN,0.003619,NaN
2012-10-10,NaN,0.003644,NaN
2012-10-11,NaN,0.003669,NaN
2012-10-12,0.004798,0.003694,0.001104
2012-10-13,0.004144,0.003719,0.000425
2012-10-14,0.004100,0.003744,0.000356
2012-10-15,0.004454,0.003757,0.000697
2012-10-16,0.005788,0.003770,0.002018
2012-10-17,NaN,0.003783,NaN
2012-10-18,0.003074,0.003797,-0.000723
2012-10-19,0.004830,0.003810,0.001020
2012-10-20,0.001778,0.003823,-0.002045
2012-10-21,0.001990,0.003836,-0.001846
2012-10-22,0.003594,0.003850,-0.000256
2012-10-23,0.007764,0.003863,0.003901
2012-10-24,NaN,0.003876,NaN
2012-10-25,NaN,0.003890,NaN
2012-10-26,NaN,0.003903,NaN
2012-10-27,NaN,0.003916,NaN
2012-10-28,0.009722,0.003929,0.005793
2012-10-29,NaN,0.003943,NaN
2012-10-30,0.005576,0.003956,0.001620
2012-10-31,0.003404,0.003969,-0.000565
2012-11-01,0.003319,0.003982,-0.000663
2012-11-02,0.002410,0.003996,-0.001586
2012-11-03,0.003242,0.004009,-0.000767
2012-11-04,0.002468,0.004022,-0.001554
2012-11-05,NaN,0.004036,NaN
2012-11-06,0.003256,0.004049,-0.000793
2012-11-07,0.002232,0.004062,-0.001830
2012-11-08,0.003606,0.004075,-0.000469
2012-11-09,0.002543,0.004089,-0.001546
2012-11-10,0.001795,0.004102,-0.002307
2012-11-11,NaN,0.004115,NaN
2012-11-12,0.003050,0.004128,-0.001078
2012-11-13,0.003432,0.004142,-0.000710
2012-11-14,0.003806,0.004155,-0.000349
2012-11-15,0.003268,0.004158,-0.000890
2012-11-16,0.002908,0.004160,-0.001252
2012-11-17,NaN,0.004163,NaN
2012-11-18,NaN,0.004166,NaN
2012-11-19,0.004252,0.004168,0.000084
2012-11-20,NaN,0.004171,NaN
2012-11-21,0.002837,0.004174,-0.001337
2012-11-22,0.003860,0.004176,-0.000316
2012-11-23,0.003201,0.004179,-0.000978
2012-11-24,NaN,0.004182,NaN
2012-11-25,0.002282,0.004184,-0.001902
2012-11-26,0.002718,0.004187,-0.001469
2012-11-27,NaN,0.004190,NaN
2012-11-28,NaN,0.004192,NaN
2012-11-29,0.004100,0.004195,-0.000095
2012-11-30,NaN,0.004197,NaN
2012-12-01,0.002890,0.004200,-0.001310
2012-12-02,0.002030,0.004203,-0.002173
2012-12-03,0.003702,0.004205,-0.000503
2012-12-04,NaN,0.004208,NaN
2012-12-05,NaN,0.004211,NaN
2012-12-06,NaN,0.004213,NaN
2012-12-07,0.002570,0.004216,-0.001646
2012-12-08,NaN,0.004219,NaN
2012-12-09,NaN,0.004221,NaN
2012-12-10,0.004263,0.004224,0.000039
2012-12-11,NaN,0.004227,NaN
2012-12-12,0.002540,0.004229,-0.001689
2012-12-13,NaN,0.004232,NaN
2012-12-14,NaN,0.004235,NaN
2012-12-15,0.003692,0.004249,-0.000557
2012-12-16,0.004130,0.004264,-0.000134
2012-12-17,NaN,0.004279,NaN
2012-12-18,NaN,0.004293,NaN
2012-12-19,0.003478,0.004308,-0.000830
2012-12-20,NaN,0.004323,NaN
2012-12-21,0.005204,0.004337,0.000867
2012-12-22,0.005826,0.004352,0.001474
2012-12-23,NaN,0.004367,NaN
2012-12-24,NaN,0.004381,NaN
2012-12-25,0.002540,0.004396,-0.001856
2012-12-26,0.002038,0.004411,-0.002373
2012-12-27,0.001942,0.004426,-0.002484
2012-12-28,0.001166,0.004440,-0.003274
2012-12-29,NaN,0.004455,NaN
2012-12-30,0.005398,0.004470,0.000928
2012-12-31,NaN,0.004484,NaN
2013-01-01,0.002676,0.004499,-0.001823
2013-01-02,NaN,0.004514,NaN
2013-01-03,0.001254,0.004528,-0.003274
2013-01-04,0.002870,0.004543,-0.001673
2013-01-05,0.001898,0.004558,-0.002660
2013-01-06,0.002467,0.004572,-0.002105
2013-01-07,NaN,0.004587,NaN
2013-01-08,0.002152,0.004602,-0.002450
2013-01-09,0.005256,0.004616,0.000640
2013-01-10,0.004260,0.004631,-0.000371
2013-01-11,0.002688,0.004646,-0.001958
2013-01-12,NaN,0.004660,NaN
2013-01-13,NaN,0.004675,NaN
2013-01-14,NaN,0.004690,NaN
2013-01-15,0.002286,0.004704,-0.002418
2013-01-16,NaN,0.004694,NaN
2013-01-17,0.002162,0.004684,-0.002522
2013-01-18,0.002610,0.004673,-0.002063
2013-01-19,NaN,0.004663,NaN
2013-01-20,NaN,0.004652,NaN
2013-01-21,NaN,0.004642,NaN
2013-01-22,NaN,0.004632,NaN
2013-01-23,NaN,0.004621,NaN
2013-01-24,0.003240,0.004611,-0.001371
2013-01-25,0.002716,0.004600,-0.001884
2013-01-26,0.002168,0.004590,-0.002422
2013-01-27,NaN,0.004580,NaN
2013-01-28,NaN,0.004569,NaN
2013-01-29,0.006114,0.004559,0.001555
2013-01-30,NaN,0.004548,NaN
2013-01-31,NaN,0.004538,NaN
2013-02-01,NaN,0.004528,NaN
2013-02-02,0.004072,0.004517,-0.000445
2013-02-03,0.003754,0.004507,-0.000753
2013-02-04,0.002662,0.004496,-0.001834
2013-02-05,NaN,0.004486,NaN
2013-02-06,NaN,0.004475,NaN
2013-02-07,0.003394,0.004465,-0.001071
2013-02-08,0.001918,0.004455,-0.002537
2013-02-09,0.002814,0.004444,-0.001630
2013-02-10,0.004624,0.004434,0.000190
2013-02-11,NaN,0.004423,NaN
2013-02-12,NaN,0.004413,NaN
2013-02-13,NaN,0.004403,NaN
2013-02-14,0.006654,0.004392,0.002262
2013-02-15,NaN,0.004382,NaN
2013-02-16,NaN,0.004367,NaN
2013-02-17,0.009450,0.004353,0.005097
2013-02-18,0.005364,0.004338,0.001026
2013-02-19,NaN,0.004323,NaN
2013-02-20,NaN,0.004309,NaN
2013-02-21,0.003892,0.004294,-0.000402
2013-02-22,NaN,0.004280,NaN
2013-02-23,NaN,0.004265,NaN
2013-02-24,0.002846,0.004250,-0.001404
2013-02-25,0.003604,0.004236,-0.000632
2013-02-26,NaN,0.004221,NaN
2013-02-27,NaN,0.004207,NaN
2013-02-28,NaN,0.004192,NaN
2013-03-01,NaN,0.004177,NaN
2013-03-02,NaN,0.004163,NaN
2013-03-03,0.002604,0.004148,-0.001544
2013-03-04,0.003594,0.004134,-0.000540
2013-03-05,0.003272,0.004119,-0.000847
2013-03-06,0.002718,0.004104,-0.001386
2013-03-07,0.004516,0.004090,0.000426
2013-03-08,0.002774,0.004075,-0.001301
2013-03-09,NaN,0.004061,NaN
2013-03-10,0.003236,0.004046,-0.000810
2013-03-11,NaN,0.004031,NaN
2013-03-12,NaN,0.004017,NaN
2013-03-13,0.002320,0.004002,-0.001682
2013-03-14,NaN,0.003988,NaN
2013-03-15,NaN,0.003973,NaN
2013-03-16,0.003564,0.003958,-0.000394
2013-03-17,NaN,0.003943,NaN
2013-03-18,NaN,0.003928,NaN
2013-03-19,NaN,0.003913,NaN
2013-03-20,0.003634,0.003899,-0.000265
2013-03-21,0.003650,0.003884,-0.000234
2013-03-22,NaN,0.003869,NaN
2013-03-23,0.004670,0.003854,0.000816
2013-03-24,0.003854,0.003839,0.000015
2013-03-25,NaN,0.003824,NaN
2013-03-26,NaN,0.003809,NaN
2013-03-27,NaN,0.003794,NaN
2013-03-28,0.004154,0.003779,0.000375
2013-03-29,NaN,0.003765,NaN
2013-03-30,0.002919,0.003750,-0.000831
2013-03-31,0.004067,0.003735,0.000332
2013-04-01,NaN,0.003720,NaN
2013-04-02,0.002880,0.003705,-0.000825
2013-04-03,NaN,0.003690,NaN
2013-04-04,NaN,0.003675,NaN
2013-04-05,NaN,0.003660,NaN
2013-04-06,0.003826,0.003645,0.000181
2013-04-07,NaN,0.003631,NaN
2013-04-08,0.005194,0.003616,0.001578
2013-04-09,NaN,0.003601,NaN
2013-04-10,0.005576,0.003586,0.001990
2013-04-11,NaN,0.003571,NaN
2013-04-12,NaN,0.003556,NaN
2013-04-13,0.002570,0.003541,-0.000971
2013-04-14,NaN,0.003526,NaN
2013-04-15,0.004676,0.003511,0.001165
2013-04-16,0.002746,0.003502,-0.000756
2013-04-17,0.002172,0.003492,-0.001320
2013-04-18,NaN,0.003482,NaN
2013-04-19,NaN,0.003473,NaN
2013-04-20,NaN,0.003463,NaN
2013-04-21,NaN,0.003453,NaN
2013-04-22,0.001866,0.003444,-0.001578
2013-04-23,0.003126,0.003434,-0.000308
2013-04-24,0.003119,0.003424,-0.000305
2013-04-25,0.003090,0.003415,-0.000325
2013-04-26,0.004259,0.003405,0.000854
2013-04-27,NaN,0.003395,NaN
2013-04-28,NaN,0.003386,NaN
2013-04-29,NaN,0.003376,NaN
2013-04-30,NaN,0.003366,NaN
2013-05-01,NaN,0.003356,NaN
2013-05-02,NaN,0.003347,NaN
2013-05-03,0.002880,0.003337,-0.000457
2013-05-04,NaN,0.003327,NaN
2013-05-05,NaN,0.003318,NaN
2013-05-06,0.002882,0.003308,-0.000426
2013-05-07,NaN,0.003298,NaN
2013-05-08,0.003226,0.003289,-0.000063
2013-05-09,NaN,0.003279,NaN
2013-05-10,0.001699,0.003269,-0.001570
2013-05-11,NaN,0.003260,NaN
2013-05-12,0.002380,0.003250,-0.000870
2013-05-13,NaN,0.003240,NaN
2013-05-14,NaN,0.003231,NaN
2013-05-15,0.003678,0.003221,0.000457
2013-05-16,NaN,0.003223,NaN
2013-05-17,NaN,0.003224,NaN
2013-05-18,NaN,0.003226,NaN
2013-05-19,0.003756,0.003227,0.000529
2013-05-20,NaN,0.003229,NaN
2013-05-21,NaN,0.003231,NaN
2013-05-22,NaN,0.003232,NaN
2013-05-23,NaN,0.003234,NaN
2013-05-24,0.002206,0.003236,-0.001030
2013-05-25,NaN,0.003237,NaN
2013-05-26,0.002540,0.003239,-0.000699
2013-05-27,NaN,0.003240,NaN
2013-05-28,NaN,0.003242,NaN
2013-05-29,NaN,0.003244,NaN
2013-05-30,NaN,0.003245,NaN
2013-05-31,NaN,0.003247,NaN
2013-06-01,NaN,0.003249,NaN
2013-06-02,NaN,0.003250,NaN
2013-06-03,NaN,0.003252,NaN
2013-06-04,NaN,0.003253,NaN
2013-06-05,NaN,0.003255,NaN
2013-06-06,NaN,0.003257,NaN
2013-06-07,NaN,0.003258,NaN
2013-06-08,NaN,0.003260,NaN
2013-06-09,NaN,0.003262,NaN
2013-06-10,0.003028,0.003263,-0.000235
2013-06-11,NaN,0.003265,NaN
2013-06-12,NaN,0.003266,NaN
2013-06-13,0.002412,0.003268,-0.000856
2013-06-14,NaN,0.003270,NaN
2013-06-15,NaN,0.003271,NaN
2013-06-16,0.001166,0.003268,-0.002102
2013-06-17,NaN,0.003264,NaN
2013-06-18,NaN,0.003261,NaN
2013-06-19,NaN,0.003257,NaN
2013-06-20,NaN,0.003254,NaN
2013-06-21,NaN,0.003250,NaN
2013-06-22,NaN,0.003247,NaN
2013-06-23,NaN,0.003243,NaN
2013-06-24,NaN,0.003240,NaN
2013-06-25,0.003750,0.003236,0.000514
2013-06-26,NaN,0.003233,NaN
2013-06-27,NaN,0.003229,NaN
2013-06-28,0.003474,0.003226,0.000248
2013-06-29,NaN,0.003222,NaN
2013-06-30,NaN,0.003219,NaN
2013-07-01,NaN,0.003215,NaN
2013-07-02,NaN,0.003212,NaN
2013-07-03,NaN,0.003208,NaN
2013-07-04,NaN,0.003205,NaN
2013-07-05,NaN,0.003201,NaN
2013-07-06,NaN,0.003198,NaN
2013-07-07,NaN,0.003194,NaN
2013-07-08,NaN,0.003191,NaN
2013-07-09,NaN,0.003188,NaN
2013-07-10,NaN,0.003184,NaN
2013-07-11,0.003454,0.003181,0.000273
2013-07-12,NaN,0.003177,NaN
2013-07-13,NaN,0.003174,NaN
2013-07-14,NaN,0.003170,NaN
2013-07-15,NaN,0.003167,NaN
2013-07-16,NaN,0.003160,NaN
2013-07-17,NaN,0.003154,NaN
2013-07-18,NaN,0.003148,NaN
2013-07-19,NaN,0.003141,NaN
2013-07-20,NaN,0.003135,NaN
2013-07-21,NaN,0.003129,NaN
2013-07-22,0.001404,0.003122,-0.001718
2013-07-23,0.003196,0.003116,0.000080
2013-07-24,NaN,0.003110,NaN
2013-07-25,NaN,0.003103,NaN
2013-07-26,NaN,0.003097,NaN
2013-07-27,NaN,0.003091,NaN
2013-07-28,0.001954,0.003085,-0.001131
2013-07-29,0.005258,0.003078,0.002180
2013-07-30,NaN,0.003072,NaN
2013-07-31,NaN,0.003066,NaN
2013-08-01,0.001718,0.003059,-0.001341
2013-08-02,NaN,0.003053,NaN
2013-08-03,NaN,0.003047,NaN
2013-08-04,NaN,0.003040,NaN
2013-08-05,NaN,0.003034,NaN
2013-08-06,NaN,0.003028,NaN
2013-08-07,NaN,0.003021,NaN
2013-08-08,NaN,0.003015,NaN
2013-08-09,NaN,0.003009,NaN
2013-08-10,NaN,0.003002,NaN
2013-08-11,NaN,0.002996,NaN
2013-08-12,NaN,0.002990,NaN
2013-08-13,0.001938,0.002984,-0.001046
2013-08-14,NaN,0.002977,NaN
2013-08-15,NaN,0.002971,NaN
2013-08-16,NaN,0.002972,NaN
2013-08-17,NaN,0.002973,NaN
2013-08-18,NaN,0.002974,NaN
2013-08-19,0.001714,0.002974,-0.001260
2013-08-20,NaN,0.002975,NaN
2013-08-21,0.004174,0.002976,0.001198
2013-08-22,NaN,0.002977,NaN
2013-08-23,NaN,0.002978,NaN
2013-08-24,NaN,0.002979,NaN
2013-08-25,NaN,0.002980,NaN
2013-08-26,NaN,0.002980,NaN
2013-08-27,NaN,0.002981,NaN
2013-08-28,NaN,0.002982,NaN
2013-08-29,NaN,0.002983,NaN
2013-08-30,NaN,0.002984,NaN
2013-08-31,NaN,0.002985,NaN
2013-09-01,0.002237,0.002986,-0.000749
2013-09-02,NaN,0.002986,NaN
2013-09-03,NaN,0.002987,NaN
2013-09-04,NaN,0.002988,NaN
2013-09-05,NaN,0.002989,NaN
2013-09-06,NaN,0.002990,NaN
2013-09-07,NaN,0.002991,NaN
2013-09-08,0.002486,0.002992,-0.000506
2013-09-09,NaN,0.002992,NaN
2013-09-10,NaN,0.002993,NaN
2013-09-11,NaN,0.002994,NaN
2013-09-12,NaN,0.002995,NaN
2013-09-13,NaN,0.002996,NaN
2013-09-14,0.001760,0.002997,-0.001237
2013-09-15,NaN,0.002998,NaN
2013-09-16,NaN,0.003023,NaN
2013-09-17,NaN,0.003047,NaN
2013-09-18,NaN,0.003072,NaN
2013-09-19,NaN,0.003097,NaN
2013-09-20,0.002332,0.003122,-0.000790
2013-09-21,0.002130,0.003147,-0.001017
2013-09-22,0.003436,0.003172,0.000264
2013-09-23,NaN,0.003197,NaN
2013-09-24,NaN,0.003221,NaN
2013-09-25,NaN,0.003246,NaN
2013-09-26,NaN,0.003271,NaN
2013-09-27,0.002599,0.003296,-0.000697
2013-09-28,0.002925,0.003321,-0.000396
2013-09-29,0.001050,0.003346,-0.002296
2013-09-30,NaN,0.003371,NaN
2013-10-01,NaN,0.003395,NaN
2013-10-02,NaN,0.003420,NaN
2013-10-03,NaN,0.003445,NaN
2013-10-04,NaN,0.003470,NaN
2013-10-05,NaN,0.003495,NaN
2013-10-06,0.002464,0.003520,-0.001056
2013-10-07,0.004218,0.003545,0.000673
2013-10-08,0.003878,0.003569,0.000309
2013-10-09,NaN,0.003594,NaN
2013-10-10,NaN,0.003619,NaN
2013-10-11,0.003066,0.003644,-0.000578
2013-10-12,0.005350,0.003669,0.001681
2013-10-13,0.004260,0.003694,0.000566
2013-10-14,0.004720,0.003719,0.001001
2013-10-15,0.004226,0.003744,0.000482
2013-10-16,0.004562,0.003757,0.000805
2013-10-17,0.005052,0.003770,0.001282
2013-10-18,0.007276,0.003783,0.003493
2013-10-19,0.003732,0.003797,-0.000065
2013-10-20,0.004968,0.003810,0.001158
2013-10-21,0.007216,0.003823,0.003393
2013-10-22,0.003536,0.003836,-0.000300
2013-10-23,0.004115,0.003850,0.000265
2013-10-24,NaN,0.003863,NaN
2013-10-25,NaN,0.003876,NaN
2013-10-26,NaN,0.003890,NaN
2013-10-27,0.004899,0.003903,0.000996
2013-10-28,0.005694,0.003916,0.001778
2013-10-29,0.004048,0.003929,0.000119
2013-10-30,0.004516,0.003943,0.000573
2013-10-31,0.002913,0.003956,-0.001043
2013-11-01,0.002892,0.003969,-0.001077
2013-11-02,NaN,0.003982,NaN
2013-11-03,NaN,0.003996,NaN
2013-11-04,0.004799,0.004009,0.000790
2013-11-05,NaN,0.004022,NaN
2013-11-06,0.004907,0.004036,0.000871
2013-11-07,0.003676,0.004049,-0.000373
2013-11-08,0.006464,0.004062,0.002402
2013-11-09,0.004254,0.004075,0.000179
2013-11-10,NaN,0.004089,NaN
2013-11-11,0.003048,0.004102,-0.001054
2013-11-12,NaN,0.004115,NaN
2013-11-13,NaN,0.004128,NaN
2013-11-14,NaN,0.004142,NaN
2013-11-15,NaN,0.004155,NaN
2013-11-16,NaN,0.004158,NaN
2013-11-17,0.002236,0.004160,-0.001924
2013-11-18,0.003412,0.004163,-0.000751
2013-11-19,0.002542,0.004166,-0.001624
2013-11-20,0.003559,0.004168,-0.000609
2013-11-21,NaN,0.004171,NaN
2013-11-22,NaN,0.004174,NaN
2013-11-23,0.003734,0.004176,-0.000442
2013-11-24,0.003480,0.004179,-0.000699
2013-11-25,NaN,0.004182,NaN
2013-11-26,0.003098,0.004184,-0.001086
2013-11-27,0.004518,0.004187,0.000331
2013-11-28,NaN,0.004190,NaN
2013-11-29,NaN,0.004192,NaN
2013-11-30,NaN,0.004195,NaN
2013-12-01,0.003174,0.004197,-0.001023
2013-12-02,NaN,0.004200,NaN
2013-12-03,0.002592,0.004203,-0.001611
2013-12-04,0.003100,0.004205,-0.001105
2013-12-05,0.002084,0.004208,-0.002124
2013-12-06,0.004560,0.004211,0.000349
2013-12-07,0.003082,0.004213,-0.001131
2013-12-08,0.003968,0.004216,-0.000248
2013-12-09,NaN,0.004219,NaN
2013-12-10,0.002484,0.004221,-0.001737
2013-12-11,NaN,0.004224,NaN
2013-12-12,NaN,0.004227,NaN
2013-12-13,0.003284,0.004229,-0.000945
2013-12-14,NaN,0.004232,NaN
2013-12-15,0.006158,0.004235,0.001923
2013-12-16,NaN,0.004250,NaN
2013-12-17,NaN,0.004265,NaN
2013-12-18,0.004284,0.004280,0.000004
2013-12-19,0.003078,0.004295,-0.001217
2013-12-20,0.004392,0.004310,0.000082
2013-12-21,0.001628,0.004326,-0.002698
2013-12-22,0.005698,0.004341,0.001357
2013-12-23,NaN,0.004356,NaN
2013-12-24,0.002643,0.004371,-0.001728
2013-12-25,0.002382,0.004386,-0.002004
2013-12-26,NaN,0.004401,NaN
2013-12-27,NaN,0.004417,NaN
2013-12-28,NaN,0.004432,NaN
2013-12-29,NaN,0.004447,NaN
2013-12-30,NaN,0.004462,NaN
2013-12-31,NaN,0.004477,NaN
2014-01-01,NaN,0.004492,NaN
2014-01-02,0.002799,0.004507,-0.001708
2014-01-03,NaN,0.004523,NaN
2014-01-04,NaN,0.004538,NaN
2014-01-05,NaN,0.004553,NaN
2014-01-06,NaN,0.004568,NaN
2014-01-07,NaN,0.004583,NaN
2014-01-08,NaN,0.004598,NaN
2014-01-09,NaN,0.004614,NaN
2014-01-10,NaN,0.004629,NaN
2014-01-11,0.003034,0.004644,-0.001610
2014-01-12,NaN,0.004659,NaN
2014-01-13,NaN,0.004674,NaN
2014-01-14,0.004481,0.004689,-0.000208
2014-01-15,NaN,0.004704,NaN
2014-01-16,0.004170,0.004694,-0.000524
2014-01-17,NaN,0.004684,NaN
2014-01-18,NaN,0.004673,NaN
2014-01-19,0.002882,0.004663,-0.001781
2014-01-20,0.002782,0.004652,-0.001870
2014-01-21,NaN,0.004642,NaN
2014-01-22,0.001738,0.004632,-0.002894
2014-01-23,0.004150,0.004621,-0.000471
2014-01-24,NaN,0.004611,NaN
2014-01-25,0.004086,0.004600,-0.000514
2014-01-26,0.002252,0.004590,-0.002338
2014-01-27,0.002902,0.004580,-0.001678
2014-01-28,0.003228,0.004569,-0.001341
2014-01-29,NaN,0.004559,NaN
2014-01-30,NaN,0.004548,NaN
2014-01-31,0.002724,0.004538,-0.001814
2014-02-01,0.003984,0.004528,-0.000544
2014-02-02,NaN,0.004517,NaN
2014-02-03,0.004036,0.004507,-0.000471
2014-02-04,NaN,0.004496,NaN
2014-02-05,NaN,0.004486,NaN
2014-02-06,0.003644,0.004475,-0.000831
2014-02-07,0.003262,0.004465,-0.001203
2014-02-08,0.003686,0.004455,-0.000769
2014-02-09,NaN,0.004444,NaN
2014-02-10,0.002736,0.004434,-0.001698
2014-02-11,0.002602,0.004423,-0.001821
2014-02-12,0.004112,0.004413,-0.000301
2014-02-13,0.004556,0.004403,0.000153
2014-02-14,0.003018,0.004392,-0.001374
2014-02-15,0.003532,0.004382,-0.000850
2014-02-16,0.002760,0.004367,-0.001607
2014-02-17,0.004362,0.004353,0.000009
2014-02-18,NaN,0.004338,NaN
2014-02-19,NaN,0.004323,NaN
2014-02-20,0.004294,0.004309,-0.000015
2014-02-21,0.002818,0.004294,-0.001476
2014-02-22,0.004177,0.004280,-0.000103
2014-02-23,0.002169,0.004265,-0.002096
2014-02-24,NaN,0.004250,NaN
2014-02-25,0.003588,0.004236,-0.000648
2014-02-26,NaN,0.004221,NaN
2014-02-27,NaN,0.004207,NaN
2014-02-28,0.004310,0.004192,0.000118
2014-03-01,0.003498,0.004177,-0.000679
2014-03-02,0.002972,0.004163,-0.001191
2014-03-03,0.003434,0.004148,-0.000714
2014-03-04,0.002582,0.004134,-0.001552
2014-03-05,0.002700,0.004119,-0.001419
2014-03-06,NaN,0.004104,NaN
2014-03-07,NaN,0.004090,NaN
2014-03-08,0.002910,0.004075,-0.001165
2014-03-09,0.003230,0.004061,-0.000831
2014-03-10,0.004128,0.004046,0.000082
2014-03-11,NaN,0.004031,NaN
2014-03-12,0.003110,0.004017,-0.000907
2014-03-13,NaN,0.004002,NaN
2014-03-14,NaN,0.003988,NaN
2014-03-15,0.003100,0.003973,-0.000873
2014-03-16,0.003006,0.003958,-0.000952
2014-03-17,0.004311,0.003943,0.000368
2014-03-18,NaN,0.003928,NaN
2014-03-19,0.002942,0.003913,-0.000971
2014-03-20,NaN,0.003899,NaN
2014-03-21,0.004424,0.003884,0.000540
2014-03-22,NaN,0.003869,NaN
2014-03-23,0.004548,0.003854,0.000694
2014-03-24,NaN,0.003839,NaN
2014-03-25,NaN,0.003824,NaN
2014-03-26,0.005186,0.003809,0.001377
2014-03-27,NaN,0.003794,NaN
2014-03-28,NaN,0.003779,NaN
2014-03-29,NaN,0.003765,NaN
2014-03-30,NaN,0.003750,NaN
2014-03-31,NaN,0.003735,NaN
2014-04-01,NaN,0.003720,NaN
2014-04-02,0.003944,0.003705,0.000239
2014-04-03,0.003094,0.003690,-0.000596
2014-04-04,NaN,0.003675,NaN
2014-04-05,0.002462,0.003660,-0.001198
2014-04-06,NaN,0.003645,NaN
2014-04-07,0.002626,0.003631,-0.001005
2014-04-08,NaN,0.003616,NaN
2014-04-09,NaN,0.003601,NaN
2014-04-10,NaN,0.003586,NaN
2014-04-11,NaN,0.003571,NaN
2014-04-12,0.003486,0.003556,-0.000070
2014-04-13,0.004656,0.003541,0.001115
2014-04-14,NaN,0.003526,NaN
2014-04-15,NaN,0.003511,NaN
2014-04-16,NaN,0.003502,NaN
2014-04-17,NaN,0.003492,NaN
2014-04-18,0.005442,0.003482,0.001960
2014-04-19,0.003022,0.003473,-0.000451
2014-04-20,NaN,0.003463,NaN
2014-04-21,0.002756,0.003453,-0.000697
2014-04-22,NaN,0.003444,NaN
2014-04-23,0.003180,0.003434,-0.000254
2014-04-24,NaN,0.003424,NaN
2014-04-25,0.003502,0.003415,0.000087
2014-04-26,0.003022,0.003405,-0.000383
2014-04-27,0.003928,0.003395,0.000533
2014-04-28,NaN,0.003386,NaN
2014-04-29,NaN,0.003376,NaN
2014-04-30,NaN,0.003366,NaN
2014-05-01,NaN,0.003356,NaN
2014-05-02,0.003104,0.003347,-0.000243
2014-05-03,NaN,0.003337,NaN
2014-05-04,0.003450,0.003327,0.000123
2014-05-05,0.002319,0.003318,-0.000999
2014-05-06,0.004594,0.003308,0.001286
2014-05-07,NaN,0.003298,NaN
2014-05-08,NaN,0.003289,NaN
2014-05-09,NaN,0.003279,NaN
2014-05-10,NaN,0.003269,NaN
2014-05-11,NaN,0.003260,NaN
2014-05-12,NaN,0.003250,NaN
2014-05-13,NaN,0.003240,NaN
2014-05-14,NaN,0.003231,NaN
2014-05-15,NaN,0.003221,NaN
2014-05-16,NaN,0.003223,NaN
2014-05-17,NaN,0.003224,NaN
2014-05-18,NaN,0.003226,NaN
2014-05-19,NaN,0.003227,NaN
2014-05-20,0.003476,0.003229,0.000247
2014-05-21,0.002756,0.003231,-0.000475
2014-05-22,0.003579,0.003232,0.000347
2014-05-23,0.002884,0.003234,-0.000350
2014-05-24,NaN,0.003236,NaN
2014-05-25,NaN,0.003237,NaN
2014-05-26,NaN,0.003239,NaN
2014-05-27,NaN,0.003240,NaN
2014-05-28,0.002936,0.003242,-0.000306
2014-05-29,0.003204,0.003244,-0.000040
2014-05-30,NaN,0.003245,NaN
2014-05-31,NaN,0.003247,NaN
2014-06-01,NaN,0.003249,NaN
2014-06-02,NaN,0.003250,NaN
2014-06-03,NaN,0.003252,NaN
2014-06-04,NaN,0.003253,NaN
2014-06-05,0.003900,0.003255,0.000645
2014-06-06,NaN,0.003257,NaN
2014-06-07,0.004484,0.003258,0.001226
2014-06-08,NaN,0.003260,NaN
2014-06-09,NaN,0.003262,NaN
2014-06-10,0.001580,0.003263,-0.001683
2014-06-11,NaN,0.003265,NaN
2014-06-12,NaN,0.003266,NaN
2014-06-13,0.003680,0.003268,0.000412
2014-06-14,NaN,0.003270,NaN
2014-06-15,NaN,0.003271,NaN
2014-06-16,NaN,0.003268,NaN
2014-06-17,NaN,0.003264,NaN
2014-06-18,NaN,0.003261,NaN
2014-06-19,NaN,0.003257,NaN
2014-06-20,0.002738,0.003254,-0.000516
2014-06-21,0.002440,0.003250,-0.000810
2014-06-22,0.002362,0.003247,-0.000885
2014-06-23,0.002894,0.003243,-0.000349
2014-06-24,0.002040,0.003240,-0.001200
2014-06-25,NaN,0.003236,NaN
2014-06-26,NaN,0.003233,NaN
2014-06-27,NaN,0.003229,NaN
2014-06-28,0.002002,0.003226,-0.001224
2014-06-29,0.002830,0.003222,-0.000392
2014-06-30,NaN,0.003219,NaN
2014-07-01,NaN,0.003215,NaN
2014-07-02,NaN,0.003212,NaN
2014-07-03,0.001384,0.003208,-0.001824
2014-07-04,NaN,0.003205,NaN
2014-07-05,NaN,0.003201,NaN
2014-07-06,NaN,0.003198,NaN
2014-07-07,NaN,0.003194,NaN
2014-07-08,0.002354,0.003191,-0.000837
2014-07-09,NaN,0.003188,NaN
2014-07-10,NaN,0.003184,NaN
2014-07-11,NaN,0.003181,NaN
2014-07-12,NaN,0.003177,NaN
2014-07-13,NaN,0.003174,NaN
2014-07-14,NaN,0.003170,NaN
2014-07-15,NaN,0.003167,NaN
2014-07-16,0.002372,0.003160,-0.000788
2014-07-17,NaN,0.003154,NaN
2014-07-18,NaN,0.003148,NaN
2014-07-19,NaN,0.003141,NaN
2014-07-20,NaN,0.003135,NaN
2014-07-21,NaN,0.003129,NaN
2014-07-22,NaN,0.003122,NaN
2014-07-23,0.002764,0.003116,-0.000352
2014-07-24,0.003062,0.003110,-0.000048
2014-07-25,0.003988,0.003103,0.000885
2014-07-26,NaN,0.003097,NaN
2014-07-27,NaN,0.003091,NaN
2014-07-28,NaN,0.003085,NaN
2014-07-29,NaN,0.003078,NaN
2014-07-30,0.001442,0.003072,-0.001630
2014-07-31,0.001718,0.003066,-0.001348
2014-08-01,0.002552,0.003059,-0.000507
2014-08-02,0.003324,0.003053,0.000271
2014-08-03,NaN,0.003047,NaN
2014-08-04,NaN,0.003040,NaN
2014-08-05,NaN,0.003034,NaN
2014-08-06,NaN,0.003028,NaN
2014-08-07,0.001894,0.003021,-0.001127
2014-08-08,0.003152,0.003015,0.000137
2014-08-09,0.002626,0.003009,-0.000383
2014-08-10,0.002917,0.003002,-0.000085
2014-08-11,0.002548,0.002996,-0.000448
2014-08-12,NaN,0.002990,NaN
2014-08-13,NaN,0.002984,NaN
2014-08-14,NaN,0.002977,NaN
2014-08-15,0.005289,0.002971,0.002318
2014-08-16,NaN,0.002972,NaN
2014-08-17,NaN,0.002973,NaN
2014-08-18,NaN,0.002974,NaN
2014-08-19,0.004092,0.002974,0.001118
2014-08-20,NaN,0.002975,NaN
2014-08-21,NaN,0.002976,NaN
2014-08-22,0.002632,0.002977,-0.000345
2014-08-23,NaN,0.002978,NaN
2014-08-24,0.002114,0.002979,-0.000865
2014-08-25,0.002184,0.002980,-0.000796
2014-08-26,0.001542,0.002980,-0.001438
2014-08-27,0.001432,0.002981,-0.001549
2014-08-28,NaN,0.002982,NaN
2014-08-29,NaN,0.002983,NaN
2014-08-30,NaN,0.002984,NaN
2014-08-31,0.003669,0.002985,0.000684
2014-09-01,0.004132,0.002986,0.001146
2014-09-02,0.003136,0.002986,0.000150
2014-09-03,NaN,0.002987,NaN
2014-09-04,0.002176,0.002988,-0.000812
2014-09-05,NaN,0.002989,NaN
2014-09-06,NaN,0.002990,NaN
2014-09-07,NaN,0.002991,NaN
2014-09-08,NaN,0.002992,NaN
2014-09-09,NaN,0.002992,NaN
2014-09-10,NaN,0.002993,NaN
2014-09-11,0.005233,0.002994,0.002239
2014-09-12,NaN,0.002995,NaN
2014-09-13,NaN,0.002996,NaN
2014-09-14,NaN,0.002997,NaN
2014-09-15,NaN,0.002998,NaN
2014-09-16,0.003430,0.003023,0.000407
2014-09-17,NaN,0.003047,NaN
2014-09-18,NaN,0.003072,NaN
2014-09-19,NaN,0.003097,NaN
2014-09-20,NaN,0.003122,NaN
2014-09-21,NaN,0.003147,NaN
2014-09-22,NaN,0.003172,NaN
2014-09-23,NaN,0.003197,NaN
2014-09-24,NaN,0.003221,NaN
2014-09-25,NaN,0.003246,NaN
2014-09-26,NaN,0.003271,NaN
2014-09-27,0.002580,0.003296,-0.000716
2014-09-28,NaN,0.003321,NaN
2014-09-29,0.002438,0.003346,-0.000908
2014-09-30,NaN,0.003371,NaN
2014-10-01,0.002382,0.003395,-0.001013
2014-10-02,NaN,0.003420,NaN
2014-10-03,0.001650,0.003445,-0.001795
2014-10-04,0.001616,0.003470,-0.001854
2014-10-05,NaN,0.003495,NaN
2014-10-06,NaN,0.003520,NaN
2014-10-07,NaN,0.003545,NaN
2014-10-08,NaN,0.003569,NaN
2014-10-09,0.004191,0.003594,0.000597
2014-10-10,0.004346,0.003619,0.000727
2014-10-11,0.003084,0.003644,-0.000560
2014-10-12,0.001911,0.003669,-0.001758
2014-10-13,0.002130,0.003694,-0.001564
2014-10-14,NaN,0.003719,NaN
2014-10-15,NaN,0.003744,NaN
2014-10-16,0.002444,0.003757,-0.001313
2014-10-17,0.003103,0.003770,-0.000667
2014-10-18,0.002171,0.003783,-0.001612
2014-10-19,0.001482,0.003797,-0.002315
2014-10-20,NaN,0.003810,NaN
2014-10-21,NaN,0.003823,NaN
2014-10-22,NaN,0.003836,NaN
2014-10-23,NaN,0.003850,NaN
2014-10-24,NaN,0.003863,NaN
2014-10-25,0.003576,0.003876,-0.000300
2014-10-26,NaN,0.003890,NaN
2014-10-27,0.001676,0.003903,-0.002227
2014-10-28,0.001848,0.003916,-0.002068
2014-10-29,0.003468,0.003929,-0.000461
2014-10-30,0.001362,0.003943,-0.002581
2014-10-31,0.002378,0.003956,-0.001578
2014-11-01,0.006308,0.003969,0.002339
2014-11-02,0.004348,0.003982,0.000366
2014-11-03,0.004320,0.003996,0.000324
2014-11-04,0.002692,0.004009,-0.001317
2014-11-05,NaN,0.004022,NaN
2014-11-06,NaN,0.004036,NaN
2014-11-07,0.002948,0.004049,-0.001101
2014-11-08,0.001196,0.004062,-0.002866
2014-11-09,NaN,0.004075,NaN
2014-11-10,0.001226,0.004089,-0.002863
2014-11-11,0.002398,0.004102,-0.001704
2014-11-12,0.003316,0.004115,-0.000799
2014-11-13,0.001795,0.004128,-0.002333
2014-11-14,0.003216,0.004142,-0.000926
2014-11-15,NaN,0.004155,NaN
2014-11-16,0.001892,0.004158,-0.002266
2014-11-17,0.001308,0.004160,-0.002852
2014-11-18,NaN,0.004163,NaN
2014-11-19,NaN,0.004166,NaN
2014-11-20,NaN,0.004168,NaN
2014-11-21,NaN,0.004171,NaN
2014-11-22,NaN,0.004174,NaN
2014-11-23,0.003908,0.004176,-0.000268
2014-11-24,NaN,0.004179,NaN
2014-11-25,0.004990,0.004182,0.000808
2014-11-26,NaN,0.004184,NaN
2014-11-27,0.005074,0.004187,0.000887
2014-11-28,0.005542,0.004190,0.001352
2014-11-29,0.002230,0.004192,-0.001962
2014-11-30,0.003594,0.004195,-0.000601
2014-12-01,0.001106,0.004197,-0.003091
2014-12-02,NaN,0.004200,NaN
2014-12-03,0.001938,0.004203,-0.002265
2014-12-04,0.002448,0.004205,-0.001757
2014-12-05,0.002072,0.004208,-0.002136
2014-12-06,0.002416,0.004211,-0.001795
2014-12-07,0.002948,0.004213,-0.001265
2014-12-08,NaN,0.004216,NaN
2014-12-09,NaN,0.004219,NaN
2014-12-10,0.002734,0.004221,-0.001487
2014-12-11,0.002930,0.004224,-0.001294
2014-12-12,NaN,0.004227,NaN
2014-12-13,0.002386,0.004229,-0.001843
2014-12-14,0.003474,0.004232,-0.000758
2014-12-15,0.001852,0.004235,-0.002383
2014-12-16,0.003150,0.004250,-0.001100
2014-12-17,0.001406,0.004265,-0.002859
2014-12-18,0.002575,0.004280,-0.001705
2014-12-19,0.002128,0.004295,-0.002167
2014-12-20,0.002502,0.004310,-0.001808
2014-12-21,0.003498,0.004326,-0.000828
2014-12-22,NaN,0.004341,NaN
2014-12-23,0.006570,0.004356,0.002214
2014-12-24,NaN,0.004371,NaN
2014-12-25,0.001843,0.004386,-0.002543
2014-12-26,NaN,0.004401,NaN
2014-12-27,NaN,0.004417,NaN
2014-12-28,0.001528,0.004432,-0.002904
2014-12-29,NaN,0.004447,NaN
2014-12-30,0.004106,0.004462,-0.000356
2014-12-31,NaN,0.004477,NaN
2015-01-01,NaN,0.004492,NaN
2015-01-02,NaN,0.004507,NaN
2015-01-03,NaN,0.004523,NaN
2015-01-04,NaN,0.004538,NaN
2015-01-05,0.003186,0.004553,-0.001367
2015-01-06,0.002814,0.004568,-0.001754
2015-01-07,0.001826,0.004583,-0.002757
2015-01-08,0.011876,0.004598,0.007278
2015-01-09,0.004810,0.004614,0.000196
2015-01-10,0.004594,0.004629,-0.000035
2015-01-11,NaN,0.004644,NaN
2015-01-12,NaN,0.004659,NaN
2015-01-13,NaN,0.004674,NaN
2015-01-14,0.001458,0.004689,-0.003231
2015-01-15,NaN,0.004704,NaN
2015-01-16,NaN,0.004694,NaN
2015-01-17,0.001674,0.004684,-0.003010
2015-01-18,NaN,0.004673,NaN
2015-01-19,NaN,0.004663,NaN
2015-01-20,NaN,0.004652,NaN
2015-01-21,0.002874,0.004642,-0.001768
2015-01-22,0.001754,0.004632,-0.002878
2015-01-23,NaN,0.004621,NaN
2015-01-24,NaN,0.004611,NaN
2015-01-25,0.003009,0.004600,-0.001591
2015-01-26,0.006758,0.004590,0.002168
2015-01-27,0.002892,0.004580,-0.001688
2015-01-28,0.004396,0.004569,-0.000173
2015-01-29,0.003564,0.004559,-0.000995
2015-01-30,0.002988,0.004548,-0.001560
2015-01-31,0.003616,0.004538,-0.000922
2015-02-01,0.002440,0.004528,-0.002088
2015-02-02,0.001580,0.004517,-0.002937
2015-02-03,NaN,0.004507,NaN
2015-02-04,NaN,0.004496,NaN
2015-02-05,NaN,0.004486,NaN
2015-02-06,0.007496,0.004475,0.003021
2015-02-07,NaN,0.004465,NaN
2015-02-08,0.002178,0.004455,-0.002277
2015-02-09,NaN,0.004444,NaN
2015-02-10,0.002768,0.004434,-0.001666
2015-02-11,0.002714,0.004423,-0.001709
2015-02-12,0.002278,0.004413,-0.002135
2015-02-13,0.004080,0.004403,-0.000323
2015-02-14,0.003194,0.004392,-0.001198
2015-02-15,0.003074,0.004382,-0.001308
2015-02-16,0.004110,0.004367,-0.000257
2015-02-17,0.002511,0.004353,-0.001842
2015-02-18,NaN,0.004338,NaN
2015-02-19,0.006346,0.004323,0.002023
2015-02-20,0.007072,0.004309,0.002763
2015-02-21,NaN,0.004294,NaN
2015-02-22,NaN,0.004280,NaN
2015-02-23,0.003138,0.004265,-0.001127
2015-02-24,0.003364,0.004250,-0.000886
2015-02-25,0.003124,0.004236,-0.001112
2015-02-26,0.003412,0.004221,-0.000809
2015-02-27,0.004692,0.004207,0.000485
2015-02-28,NaN,0.004192,NaN
2015-03-01,NaN,0.004177,NaN
2015-03-02,0.005164,0.004163,0.001001
2015-03-03,0.001740,0.004148,-0.002408
2015-03-04,NaN,0.004134,NaN
2015-03-05,0.002264,0.004119,-0.001855
2015-03-06,0.002088,0.004104,-0.002016
2015-03-07,NaN,0.004090,NaN
2015-03-08,NaN,0.004075,NaN
2015-03-09,0.002194,0.004061,-0.001867
2015-03-10,NaN,0.004046,NaN
2015-03-11,0.004300,0.004031,0.000269
2015-03-12,NaN,0.004017,NaN
2015-03-13,NaN,0.004002,NaN
2015-03-14,NaN,0.003988,NaN
2015-03-15,0.002990,0.003973,-0.000983
2015-03-16,NaN,0.003958,NaN
2015-03-17,NaN,0.003943,NaN
2015-03-18,0.001936,0.003928,-0.001992
2015-03-19,0.005430,0.003913,0.001517
2015-03-20,NaN,0.003899,NaN
2015-03-21,0.003270,0.003884,-0.000614
2015-03-22,NaN,0.003869,NaN
2015-03-23,NaN,0.003854,NaN
2015-03-24,0.002138,0.003839,-0.001701
2015-03-25,NaN,0.003824,NaN
2015-03-26,NaN,0.003809,NaN
2015-03-27,NaN,0.003794,NaN
2015-03-28,NaN,0.003779,NaN
2015-03-29,0.004146,0.003765,0.000381
2015-03-30,NaN,0.003750,NaN
2015-03-31,0.004546,0.003735,0.000811
2015-04-01,0.002120,0.003720,-0.001600
2015-04-02,NaN,0.003705,NaN
2015-04-03,0.002830,0.003690,-0.000860
2015-04-04,0.003238,0.003675,-0.000437
2015-04-05,0.004274,0.003660,0.000614
2015-04-06,0.002636,0.003645,-0.001009
2015-04-07,NaN,0.003631,NaN
2015-04-08,NaN,0.003616,NaN
2015-04-09,NaN,0.003601,NaN
2015-04-10,NaN,0.003586,NaN
2015-04-11,NaN,0.003571,NaN
2015-04-12,NaN,0.003556,NaN
2015-04-13,NaN,0.003541,NaN
2015-04-14,NaN,0.003526,NaN
2015-04-15,NaN,0.003511,NaN
2015-04-16,0.002312,0.003502,-0.001190
2015-04-17,NaN,0.003492,NaN
2015-04-18,NaN,0.003482,NaN
2015-04-19,NaN,0.003473,NaN
2015-04-20,NaN,0.003463,NaN
2015-04-21,NaN,0.003453,NaN
2015-04-22,NaN,0.003444,NaN
2015-04-23,0.004860,0.003434,0.001426
2015-04-24,NaN,0.003424,NaN
2015-04-25,NaN,0.003415,NaN
2015-04-26,0.003504,0.003405,0.000099
2015-04-27,NaN,0.003395,NaN
2015-04-28,NaN,0.003386,NaN
2015-04-29,NaN,0.003376,NaN
2015-04-30,NaN,0.003366,NaN
2015-05-01,0.002236,0.003356,-0.001120
2015-05-02,NaN,0.003347,NaN
2015-05-03,0.001750,0.003337,-0.001587
2015-05-04,NaN,0.003327,NaN
2015-05-05,NaN,0.003318,NaN
2015-05-06,0.002706,0.003308,-0.000602
2015-05-07,0.002906,0.003298,-0.000392
2015-05-08,0.002991,0.003289,-0.000298
2015-05-09,0.003526,0.003279,0.000247
2015-05-10,NaN,0.003269,NaN
2015-05-11,NaN,0.003260,NaN
2015-05-12,0.003474,0.003250,0.000224
2015-05-13,NaN,0.003240,NaN
2015-05-14,0.003606,0.003231,0.000375
2015-05-15,NaN,0.003221,NaN
2015-05-16,0.001857,0.003223,-0.001366
2015-05-17,0.001230,0.003224,-0.001994
2015-05-18,NaN,0.003226,NaN
2015-05-19,NaN,0.003227,NaN
2015-05-20,NaN,0.003229,NaN
2015-05-21,0.002690,0.003231,-0.000541
2015-05-22,0.000888,0.003232,-0.002344
2015-05-23,NaN,0.003234,NaN
2015-05-24,0.001188,0.003236,-0.002048
2015-05-25,NaN,0.003237,NaN
2015-05-26,0.003346,0.003239,0.000107
2015-05-27,NaN,0.003240,NaN
2015-05-28,NaN,0.003242,NaN
2015-05-29,NaN,0.003244,NaN
2015-05-30,0.003258,0.003245,0.000013
2015-05-31,0.002024,0.003247,-0.001223
2015-06-01,NaN,0.003249,NaN
2015-06-02,NaN,0.003250,NaN
2015-06-03,NaN,0.003252,NaN
2015-06-04,NaN,0.003253,NaN
2015-06-05,NaN,0.003255,NaN
2015-06-06,0.003495,0.003257,0.000238
2015-06-07,NaN,0.003258,NaN
2015-06-08,0.001392,0.003260,-0.001868
2015-06-09,0.002500,0.003262,-0.000762
2015-06-10,NaN,0.003263,NaN
2015-06-11,NaN,0.003265,NaN
2015-06-12,NaN,0.003266,NaN
2015-06-13,NaN,0.003268,NaN
2015-06-14,NaN,0.003270,NaN
2015-06-15,NaN,0.003271,NaN
2015-06-16,0.002004,0.003268,-0.001264
2015-06-17,0.002285,0.003264,-0.000979
2015-06-18,NaN,0.003261,NaN
2015-06-19,NaN,0.003257,NaN
2015-06-20,0.001604,0.003254,-0.001650
2015-06-21,NaN,0.003250,NaN
2015-06-22,NaN,0.003247,NaN
2015-06-23,NaN,0.003243,NaN
2015-06-24,0.004116,0.003240,0.000876
2015-06-25,NaN,0.003236,NaN
2015-06-26,0.004598,0.003233,0.001365
2015-06-27,NaN,0.003229,NaN
2015-06-28,NaN,0.003226,NaN
2015-06-29,0.001626,0.003222,-0.001596
2015-06-30,NaN,0.003219,NaN
2015-07-01,NaN,0.003215,NaN
2015-07-02,NaN,0.003212,NaN
2015-07-03,0.005144,0.003208,0.001936
2015-07-04,NaN,0.003205,NaN
2015-07-05,NaN,0.003201,NaN
2015-07-06,NaN,0.003198,NaN
2015-07-07,NaN,0.003194,NaN
2015-07-08,NaN,0.003191,NaN
2015-07-09,NaN,0.003188,NaN
2015-07-10,NaN,0.003184,NaN
2015-07-11,0.002834,0.003181,-0.000347
2015-07-12,0.004071,0.003177,0.000894
2015-07-13,NaN,0.003174,NaN
2015-07-14,NaN,0.003170,NaN
2015-07-15,NaN,0.003167,NaN
2015-07-16,NaN,0.003160,NaN
2015-07-17,NaN,0.003154,NaN
2015-07-18,NaN,0.003148,NaN
2015-07-19,0.004208,0.003141,0.001067
2015-07-20,NaN,0.003135,NaN
2015-07-21,0.003994,0.003129,0.000865
2015-07-22,0.002390,0.003122,-0.000732
2015-07-23,NaN,0.003116,NaN
2015-07-24,NaN,0.003110,NaN
2015-07-25,NaN,0.003103,NaN
2015-07-26,NaN,0.003097,NaN
2015-07-27,0.002266,0.003091,-0.000825
2015-07-28,NaN,0.003085,NaN
2015-07-29,NaN,0.003078,NaN
2015-07-30,NaN,0.003072,NaN
2015-07-31,NaN,0.003066,NaN
2015-08-01,NaN,0.003059,NaN
2015-08-02,NaN,0.003053,NaN
2015-08-03,NaN,0.003047,NaN
2015-08-04,0.003561,0.003040,0.000521
2015-08-05,0.000920,0.003034,-0.002114
2015-08-06,0.004646,0.003028,0.001618
2015-08-07,NaN,0.003021,NaN
2015-08-08,NaN,0.003015,NaN
2015-08-09,0.001370,0.003009,-0.001639
2015-08-10,0.002976,0.003002,-0.000026
2015-08-11,0.006102,0.002996,0.003106
2015-08-12,0.005262,0.002990,0.002272
2015-08-13,0.005764,0.002984,0.002780
2015-08-14,NaN,0.002977,NaN
2015-08-15,NaN,0.002971,NaN
2015-08-16,0.001292,0.002972,-0.001680
2015-08-17,NaN,0.002973,NaN
2015-08-18,NaN,0.002974,NaN
2015-08-19,0.003318,0.002974,0.000344
2015-08-20,0.003332,0.002975,0.000357
2015-08-21,0.004980,0.002976,0.002004
2015-08-22,0.003848,0.002977,0.000871
2015-08-23,NaN,0.002978,NaN
2015-08-24,NaN,0.002979,NaN
2015-08-25,NaN,0.002980,NaN
2015-08-26,NaN,0.002980,NaN
2015-08-27,NaN,0.002981,NaN
2015-08-28,0.000800,0.002982,-0.002182
2015-08-29,NaN,0.002983,NaN
2015-08-30,NaN,0.002984,NaN
2015-08-31,NaN,0.002985,NaN
2015-09-01,0.000858,0.002986,-0.002128
2015-09-02,0.002808,0.002986,-0.000178
2015-09-03,0.004510,0.002987,0.001523
2015-09-04,0.005544,0.002988,0.002556
2015-09-05,NaN,0.002989,NaN
2015-09-06,0.000660,0.002990,-0.002330
2015-09-07,NaN,0.002991,NaN
2015-09-08,0.000918,0.002992,-0.002074
2015-09-09,NaN,0.002992,NaN
2015-09-10,NaN,0.002993,NaN
2015-09-11,NaN,0.002994,NaN
2015-09-12,NaN,0.002995,NaN
2015-09-13,NaN,0.002996,NaN
2015-09-14,NaN,0.002997,NaN
2015-09-15,NaN,0.002998,NaN
2015-09-16,NaN,0.003023,NaN
2015-09-17,NaN,0.003047,NaN
2015-09-18,NaN,0.003072,NaN
2015-09-19,0.005174,0.003097,0.002077
2015-09-20,0.000752,0.003122,-0.002370
2015-09-21,0.002669,0.003147,-0.000478
2015-09-22,NaN,0.003172,NaN
2015-09-23,NaN,0.003197,NaN
2015-09-24,NaN,0.003221,NaN
2015-09-25,NaN,0.003246,NaN
2015-09-26,NaN,0.003271,NaN
2015-09-27,NaN,0.003296,NaN
2015-09-28,NaN,0.003321,NaN
2015-09-29,NaN,0.003346,NaN
2015-09-30,0.003424,0.003371,0.000053
2015-10-01,0.003080,0.003395,-0.000315
2015-10-02,NaN,0.003420,NaN
2015-10-03,0.002372,0.003445,-0.001073
2015-10-04,NaN,0.003470,NaN
2015-10-05,0.002916,0.003495,-0.000579
2015-10-06,0.002336,0.003520,-0.001184
2015-10-07,0.002816,0.003545,-0.000729
2015-10-08,0.001400,0.003569,-0.002169
2015-10-09,0.003072,0.003594,-0.000522
2015-10-10,NaN,0.003619,NaN
2015-10-11,NaN,0.003644,NaN
2015-10-12,0.002350,0.003669,-0.001319
2015-10-13,NaN,0.003694,NaN
2015-10-14,0.003806,0.003719,0.000087
2015-10-15,NaN,0.003744,NaN
2015-10-16,NaN,0.003757,NaN
2015-10-17,NaN,0.003770,NaN
2015-10-18,NaN,0.003783,NaN
2015-10-19,NaN,0.003797,NaN
2015-10-20,NaN,0.003810,NaN
2015-10-21,0.006198,0.003823,0.002375
2015-10-22,0.005270,0.003836,0.001434
2015-10-23,0.006288,0.003850,0.002438
2015-10-24,0.003678,0.003863,-0.000185
2015-10-25,0.002770,0.003876,-0.001106
2015-10-26,NaN,0.003890,NaN
2015-10-27,NaN,0.003903,NaN
2015-10-28,NaN,0.003916,NaN
2015-10-29,0.002628,0.003929,-0.001301
2015-10-30,0.003194,0.003943,-0.000749
2015-10-31,0.001704,0.003956,-0.002252
2015-11-01,0.001882,0.003969,-0.002087
2015-11-02,NaN,0.003982,NaN
2015-11-03,0.002542,0.003996,-0.001454
2015-11-04,NaN,0.004009,NaN
2015-11-05,0.004886,0.004022,0.000864
2015-11-06,NaN,0.004036,NaN
2015-11-07,0.001427,0.004049,-0.002622
2015-11-08,0.002583,0.004062,-0.001479
2015-11-09,0.000652,0.004075,-0.003423
2015-11-10,0.001417,0.004089,-0.002672
2015-11-11,0.001784,0.004102,-0.002318
2015-11-12,0.004216,0.004115,0.000101
2015-11-13,0.002107,0.004128,-0.002021
2015-11-14,NaN,0.004142,NaN
2015-11-15,NaN,0.004155,NaN
2015-11-16,NaN,0.004158,NaN
2015-11-17,0.005650,0.004160,0.001490
2015-11-18,NaN,0.004163,NaN
2015-11-19,NaN,0.004166,NaN
2015-11-20,NaN,0.004168,NaN
2015-11-21,NaN,0.004171,NaN
2015-11-22,0.001186,0.004174,-0.002988
2015-11-23,0.003496,0.004176,-0.000680
2015-11-24,0.005844,0.004179,0.001665
2015-11-25,0.003810,0.004182,-0.000372
2015-11-26,0.005742,0.004184,0.001558
2015-11-27,0.001894,0.004187,-0.002293
2015-11-28,0.004068,0.004190,-0.000122
2015-11-29,NaN,0.004192,NaN
2015-11-30,0.003122,0.004195,-0.001073
2015-12-01,0.003096,0.004197,-0.001101
2015-12-02,NaN,0.004200,NaN
2015-12-03,NaN,0.004203,NaN
2015-12-04,NaN,0.004205,NaN
2015-12-05,0.003660,0.004208,-0.000548
2015-12-06,NaN,0.004211,NaN
2015-12-07,NaN,0.004213,NaN
2015-12-08,NaN,0.004216,NaN
2015-12-09,NaN,0.004219,NaN
2015-12-10,NaN,0.004221,NaN
2015-12-11,0.002726,0.004224,-0.001498
2015-12-12,0.004202,0.004227,-0.000025
2015-12-13,NaN,0.004229,NaN
2015-12-14,NaN,0.004232,NaN
2015-12-15,0.001498,0.004235,-0.002737
2015-12-16,0.001646,0.004250,-0.002604
2015-12-17,0.004098,0.004265,-0.000167
2015-12-18,NaN,0.004280,NaN
2015-12-19,NaN,0.004295,NaN
2015-12-20,NaN,0.004310,NaN
2015-12-21,0.005026,0.004326,0.000700
2015-12-22,NaN,0.004341,NaN
2015-12-23,0.003462,0.004356,-0.000894
2015-12-24,NaN,0.004371,NaN
2015-12-25,NaN,0.004386,NaN
2015-12-26,0.001938,0.004401,-0.002463
2015-12-27,NaN,0.004417,NaN
2015-12-28,0.005854,0.004432,0.001422
2015-12-29,NaN,0.004447,NaN
2015-12-30,0.002340,0.004462,-0.002122
2015-12-31,0.004864,0.004477,0.000387
2016-01-01,0.000982,0.004492,-0.003510
2016-01-02,0.004444,0.004507,-0.000063
2016-01-03,NaN,0.004523,NaN
2016-01-04,NaN,0.004538,NaN
2016-01-05,NaN,0.004553,NaN
2016-01-06,NaN,0.004568,NaN
2016-01-07,0.002738,0.004583,-0.001845
2016-01-08,NaN,0.004598,NaN
2016-01-09,0.005386,0.004614,0.000772
2016-01-10,NaN,0.004629,NaN
2016-01-11,NaN,0.004644,NaN
2016-01-12,NaN,0.004659,NaN
2016-01-13,NaN,0.004674,NaN
2016-01-14,NaN,0.004689,NaN
2016-01-15,NaN,0.004704,NaN
2016-01-16,NaN,0.004694,NaN
2016-01-17,NaN,0.004684,NaN
2016-01-18,NaN,0.004673,NaN
2016-01-19,NaN,0.004663,NaN
2016-01-20,NaN,0.004652,NaN
2016-01-21,NaN,0.004642,NaN
2016-01-22,NaN,0.004632,NaN
2016-01-23,NaN,0.004621,NaN
2016-01-24,0.006838,0.004611,0.002227
2016-01-25,0.002914,0.004600,-0.001686
2016-01-26,0.006309,0.004590,0.001719
2016-01-27,NaN,0.004580,NaN
2016-01-28,NaN,0.004569,NaN
2016-01-29,0.002520,0.004559,-0.002039
2016-01-30,NaN,0.004548,NaN
2016-01-31,NaN,0.004538,NaN
2016-02-01,NaN,0.004528,NaN
2016-02-02,0.002606,0.004517,-0.001911
2016-02-03,0.001616,0.004507,-0.002891
2016-02-04,0.003808,0.004496,-0.000688
2016-02-05,NaN,0.004486,NaN
2016-02-06,NaN,0.004475,NaN
2016-02-07,0.011644,0.004465,0.007179
2016-02-08,0.004318,0.004455,-0.000137
2016-02-09,NaN,0.004444,NaN
2016-02-10,0.004896,0.004434,0.000462
2016-02-11,NaN,0.004423,NaN
2016-02-12,0.004102,0.004413,-0.000311
2016-02-13,0.002822,0.004403,-0.001581
2016-02-14,0.005448,0.004392,0.001056
2016-02-15,NaN,0.004382,NaN
2016-02-16,NaN,0.004367,NaN
2016-02-17,0.003238,0.004353,-0.001115
2016-02-18,0.003898,0.004338,-0.000440
2016-02-19,NaN,0.004323,NaN
2016-02-20,NaN,0.004309,NaN
2016-02-21,NaN,0.004294,NaN
2016-02-22,NaN,0.004280,NaN
2016-02-23,0.005690,0.004265,0.001425
2016-02-24,0.002172,0.004250,-0.002078
2016-02-25,0.005636,0.004236,0.001400
2016-02-26,0.004876,0.004221,0.000655
2016-02-27,0.004888,0.004207,0.000681
2016-02-28,0.003816,0.004192,-0.000376
2016-02-29,0.001774,0.004177,-0.002403
2016-03-01,0.005332,0.004163,0.001169
2016-03-02,NaN,0.004148,NaN
2016-03-03,NaN,0.004134,NaN
2016-03-04,0.004126,0.004119,0.000007
2016-03-05,NaN,0.004104,NaN
2016-03-06,0.004462,0.004090,0.000372
2016-03-07,NaN,0.004075,NaN
2016-03-08,0.006888,0.004061,0.002827
2016-03-09,NaN,0.004046,NaN
2016-03-10,NaN,0.004031,NaN
2016-03-11,NaN,0.004017,NaN
2016-03-12,NaN,0.004002,NaN
2016-03-13,NaN,0.003988,NaN
2016-03-14,0.004092,0.003973,0.000119
2016-03-15,0.004370,0.003958,0.000412
2016-03-16,0.003276,0.003943,-0.000667
2016-03-17,NaN,0.003928,NaN
2016-03-18,NaN,0.003913,NaN
2016-03-19,NaN,0.003899,NaN
2016-03-20,NaN,0.003884,NaN
2016-03-21,NaN,0.003869,NaN
2016-03-22,NaN,0.003854,NaN
2016-03-23,0.001600,0.003839,-0.002239
2016-03-24,NaN,0.003824,NaN
2016-03-25,NaN,0.003809,NaN
2016-03-26,NaN,0.003794,NaN
2016-03-27,NaN,0.003779,NaN
2016-03-28,NaN,0.003765,NaN
2016-03-29,NaN,0.003750,NaN
2016-03-30,0.003292,0.003735,-0.000443
2016-03-31,0.005592,0.003720,0.001872
2016-04-01,0.001488,0.003705,-0.002217
2016-04-02,0.004578,0.003690,0.000888
2016-04-03,NaN,0.003675,NaN
2016-04-04,NaN,0.003660,NaN
2016-04-05,0.002792,0.003645,-0.000853
2016-04-06,NaN,0.003631,NaN
2016-04-07,0.003138,0.003616,-0.000478
2016-04-08,0.002312,0.003601,-0.001289
2016-04-09,0.004008,0.003586,0.000422
2016-04-10,0.002060,0.003571,-0.001511
2016-04-11,NaN,0.003556,NaN
2016-04-12,0.001722,0.003541,-0.001819
2016-04-13,NaN,0.003526,NaN
2016-04-14,NaN,0.003511,NaN
2016-04-15,NaN,0.003502,NaN
2016-04-16,NaN,0.003492,NaN
2016-04-17,NaN,0.003482,NaN
2016-04-18,0.003114,0.003473,-0.000359
2016-04-19,0.001074,0.003463,-0.002389
2016-04-20,NaN,0.003453,NaN
2016-04-21,NaN,0.003444,NaN
2016-04-22,NaN,0.003434,NaN
2016-04-23,0.002373,0.003424,-0.001051
2016-04-24,0.002666,0.003415,-0.000749
2016-04-25,0.002084,0.003405,-0.001321
2016-04-26,NaN,0.003395,NaN
2016-04-27,NaN,0.003386,NaN
2016-04-28,0.001906,0.003376,-0.001470
2016-04-29,NaN,0.003366,NaN
2016-04-30,NaN,0.003356,NaN
2016-05-01,0.002488,0.003347,-0.000859
2016-05-02,NaN,0.003337,NaN
2016-05-03,NaN,0.003327,NaN
2016-05-04,NaN,0.003318,NaN
2016-05-05,NaN,0.003308,NaN
2016-05-06,NaN,0.003298,NaN
2016-05-07,0.002670,0.003289,-0.000619
2016-05-08,NaN,0.003279,NaN
2016-05-09,0.002178,0.003269,-0.001091
2016-05-10,0.002960,0.003260,-0.000300
2016-05-11,NaN,0.003250,NaN
2016-05-12,NaN,0.003240,NaN
2016-05-13,NaN,0.003231,NaN
2016-05-14,0.002482,0.003221,-0.000739
2016-05-15,NaN,0.003223,NaN
2016-05-16,0.001788,0.003224,-0.001436
2016-05-17,NaN,0.003226,NaN
2016-05-18,0.002875,0.003227,-0.000352
2016-05-19,NaN,0.003229,NaN
2016-05-20,NaN,0.003231,NaN
2016-05-21,NaN,0.003232,NaN
2016-05-22,NaN,0.003234,NaN
2016-05-23,NaN,0.003236,NaN
2016-05-24,NaN,0.003237,NaN
2016-05-25,NaN,0.003239,NaN
2016-05-26,0.003323,0.003240,0.000083
2016-05-27,0.005067,0.003242,0.001825
2016-05-28,0.002202,0.003244,-0.001042
2016-05-29,NaN,0.003245,NaN
2016-05-30,0.001404,0.003247,-0.001843
2016-05-31,NaN,0.003249,NaN
2016-06-01,0.001794,0.003250,-0.001456
2016-06-02,0.002150,0.003252,-0.001102
2016-06-03,0.001762,0.003253,-0.001491
2016-06-04,NaN,0.003255,NaN
2016-06-05,NaN,0.003257,NaN
2016-06-06,NaN,0.003258,NaN
2016-06-07,NaN,0.003260,NaN
2016-06-08,NaN,0.003262,NaN
2016-06-09,NaN,0.003263,NaN
2016-06-10,NaN,0.003265,NaN
2016-06-11,NaN,0.003266,NaN
2016-06-12,0.004752,0.003268,0.001484
2016-06-13,NaN,0.003270,NaN
2016-06-14,NaN,0.003271,NaN
2016-06-15,0.001202,0.003268,-0.002066
2016-06-16,NaN,0.003264,NaN
2016-06-17,NaN,0.003261,NaN
2016-06-18,NaN,0.003257,NaN
2016-06-19,0.003038,0.003254,-0.000216
2016-06-20,NaN,0.003250,NaN
2016-06-21,NaN,0.003247,NaN
2016-06-22,0.001816,0.003243,-0.001427
2016-06-23,NaN,0.003240,NaN
2016-06-24,NaN,0.003236,NaN
2016-06-25,NaN,0.003233,NaN
2016-06-26,0.003199,0.003229,-0.000030
2016-06-27,NaN,0.003226,NaN
2016-06-28,0.004096,0.003222,0.000874
2016-06-29,0.000970,0.003219,-0.002249
2016-06-30,NaN,0.003215,NaN
2016-07-01,NaN,0.003212,NaN
2016-07-02,NaN,0.003208,NaN
2016-07-03,NaN,0.003205,NaN
2016-07-04,NaN,0.003201,NaN
2016-07-05,0.002384,0.003198,-0.000814
2016-07-06,NaN,0.003194,NaN
2016-07-07,0.001776,0.003191,-0.001415
2016-07-08,0.001142,0.003188,-0.002046
2016-07-09,NaN,0.003184,NaN
2016-07-10,NaN,0.003181,NaN
2016-07-11,NaN,0.003177,NaN
2016-07-12,0.004902,0.003174,0.001728
2016-07-13,NaN,0.003170,NaN
2016-07-14,0.002548,0.003167,-0.000619
2016-07-15,NaN,0.003160,NaN
2016-07-16,NaN,0.003154,NaN
2016-07-17,NaN,0.003148,NaN
2016-07-18,NaN,0.003141,NaN
2016-07-19,0.003252,0.003135,0.000117
2016-07-20,NaN,0.003129,NaN
2016-07-21,NaN,0.003122,NaN
2016-07-22,NaN,0.003116,NaN
2016-07-23,0.006015,0.003110,0.002905
2016-07-24,NaN,0.003103,NaN
2016-07-25,NaN,0.003097,NaN
2016-07-26,0.002436,0.003091,-0.000655
2016-07-27,NaN,0.003085,NaN
2016-07-28,0.002404,0.003078,-0.000674
2016-07-29,NaN,0.003072,NaN
2016-07-30,0.001956,0.003066,-0.001110
2016-07-31,0.002612,0.003059,-0.000447
2016-08-01,NaN,0.003053,NaN
2016-08-02,NaN,0.003047,NaN
2016-08-03,NaN,0.003040,NaN
2016-08-04,0.001722,0.003034,-0.001312
2016-08-05,0.000686,0.003028,-0.002342
2016-08-06,NaN,0.003021,NaN
2016-08-07,NaN,0.003015,NaN
2016-08-08,NaN,0.003009,NaN
2016-08-09,0.001282,0.003002,-0.001720
2016-08-10,NaN,0.002996,NaN
2016-08-11,NaN,0.002990,NaN
2016-08-12,NaN,0.002984,NaN
2016-08-13,NaN,0.002977,NaN
2016-08-14,NaN,0.002971,NaN
2016-08-15,0.002606,0.002972,-0.000366
2016-08-16,NaN,0.002973,NaN
2016-08-17,NaN,0.002974,NaN
2016-08-18,NaN,0.002974,NaN
2016-08-19,NaN,0.002975,NaN
2016-08-20,0.001944,0.002976,-0.001032
2016-08-21,0.000800,0.002977,-0.002177
2016-08-22,0.001858,0.002978,-0.001120
2016-08-23,NaN,0.002979,NaN
2016-08-24,NaN,0.002980,NaN
2016-08-25,NaN,0.002980,NaN
2016-08-26,NaN,0.002981,NaN
2016-08-27,NaN,0.002982,NaN
2016-08-28,NaN,0.002983,NaN
2016-08-29,NaN,0.002984,NaN
2016-08-30,NaN,0.002985,NaN
2016-08-31,NaN,0.002986,NaN
2016-09-01,NaN,0.002986,NaN
2016-09-02,NaN,0.002987,NaN
2016-09-03,0.001822,0.002988,-0.001166
2016-09-04,NaN,0.002989,NaN
2016-09-05,NaN,0.002990,NaN
2016-09-06,NaN,0.002991,NaN
2016-09-07,0.003074,0.002992,0.000082
2016-09-08,NaN,0.002992,NaN
2016-09-09,0.001862,0.002993,-0.001131
2016-09-10,NaN,0.002994,NaN
2016-09-11,NaN,0.002995,NaN
2016-09-12,NaN,0.002996,NaN
2016-09-13,NaN,0.002997,NaN
2016-09-14,NaN,0.002998,NaN
2016-09-15,0.002246,0.003023,-0.000777
2016-09-16,0.002152,0.003047,-0.000895
2016-09-17,0.002548,0.003072,-0.000524
2016-09-18,0.001240,0.003097,-0.001857
2016-09-19,0.003022,0.003122,-0.000100
2016-09-20,NaN,0.003147,NaN
2016-09-21,0.001014,0.003172,-0.002158
2016-09-22,0.001672,0.003197,-0.001525
2016-09-23,0.004187,0.003221,0.000966
2016-09-24,NaN,0.003246,NaN
2016-09-25,0.004807,0.003271,0.001536
2016-09-26,NaN,0.003296,NaN
2016-09-27,NaN,0.003321,NaN
2016-09-28,0.004313,0.003346,0.000967
2016-09-29,0.002656,0.003371,-0.000715
2016-09-30,0.001236,0.003395,-0.002159
2016-10-01,NaN,0.003420,NaN
2016-10-02,NaN,0.003445,NaN
2016-10-03,0.001096,0.003470,-0.002374
2016-10-04,0.002562,0.003495,-0.000933
2016-10-05,0.004894,0.003520,0.001374
2016-10-06,NaN,0.003545,NaN
2016-10-07,NaN,0.003569,NaN
2016-10-08,NaN,0.003594,NaN
2016-10-09,0.003408,0.003619,-0.000211
2016-10-10,NaN,0.003644,NaN
2016-10-11,0.004100,0.003669,0.000431
2016-10-12,NaN,0.003694,NaN
2016-10-13,NaN,0.003719,NaN
2016-10-14,0.006046,0.003744,0.002302
2016-10-15,0.005568,0.003757,0.001811
2016-10-16,0.005752,0.003770,0.001982
2016-10-17,NaN,0.003783,NaN
2016-10-18,NaN,0.003797,NaN
2016-10-19,0.007112,0.003810,0.003302
2016-10-20,0.005448,0.003823,0.001625
2016-10-21,0.005388,0.003836,0.001552
2016-10-22,0.003512,0.003850,-0.000338
2016-10-23,0.003954,0.003863,0.000091
2016-10-24,NaN,0.003876,NaN
2016-10-25,NaN,0.003890,NaN
2016-10-26,NaN,0.003903,NaN
2016-10-27,NaN,0.003916,NaN
2016-10-28,NaN,0.003929,NaN
2016-10-29,NaN,0.003943,NaN
2016-10-30,NaN,0.003956,NaN
2016-10-31,NaN,0.003969,NaN
2016-11-01,0.004941,0.003982,0.000959
2016-11-02,0.004184,0.003996,0.000188
2016-11-03,0.003836,0.004009,-0.000173
2016-11-04,0.002402,0.004022,-0.001620
2016-11-05,0.004490,0.004036,0.000454
2016-11-06,0.003902,0.004049,-0.000147
2016-11-07,NaN,0.004062,NaN
2016-11-08,0.003008,0.004075,-0.001067
2016-11-09,NaN,0.004089,NaN
2016-11-10,0.003034,0.004102,-0.001068
2016-11-11,0.002121,0.004115,-0.001994
2016-11-12,0.003452,0.004128,-0.000676
2016-11-13,0.002950,0.004142,-0.001192
2016-11-14,NaN,0.004155,NaN
2016-11-15,NaN,0.004158,NaN
2016-11-16,0.004490,0.004160,0.000330
2016-11-17,0.004938,0.004163,0.000775
2016-11-18,0.005162,0.004166,0.000996
2016-11-19,0.004724,0.004168,0.000556
2016-11-20,0.004870,0.004171,0.000699
2016-11-21,0.004868,0.004174,0.000694
2016-11-22,0.005090,0.004176,0.000914
2016-11-23,0.004386,0.004179,0.000207
2016-11-24,NaN,0.004182,NaN
2016-11-25,NaN,0.004184,NaN
2016-11-26,0.004916,0.004187,0.000729
2016-11-27,0.004604,0.004190,0.000414
2016-11-28,0.005600,0.004192,0.001408
2016-11-29,NaN,0.004195,NaN
2016-11-30,0.004747,0.004197,0.000550
2016-12-01,NaN,0.004200,NaN
2016-12-02,0.005140,0.004203,0.000937
2016-12-03,NaN,0.004205,NaN
2016-12-04,NaN,0.004208,NaN
2016-12-05,0.005057,0.004211,0.000846
2016-12-06,NaN,0.004213,NaN
2016-12-07,NaN,0.004216,NaN
2016-12-08,0.005100,0.004219,0.000881
2016-12-09,NaN,0.004221,NaN
2016-12-10,NaN,0.004224,NaN
2016-12-11,NaN,0.004227,NaN
2016-12-12,NaN,0.004229,NaN
2016-12-13,NaN,0.004232,NaN
2016-12-14,0.005036,0.004235,0.000801
2016-12-15,0.004158,0.004249,-0.000091
2016-12-16,0.006394,0.004264,0.002130
2016-12-17,0.004920,0.004279,0.000641
2016-12-18,0.005136,0.004293,0.000843
2016-12-19,NaN,0.004308,NaN
2016-12-20,NaN,0.004323,NaN
2016-12-21,0.004952,0.004337,0.000615
2016-12-22,NaN,0.004352,NaN
2016-12-23,0.005020,0.004367,0.000653
2016-12-24,NaN,0.004381,NaN
2016-12-25,0.004422,0.004396,0.000026
2016-12-26,NaN,0.004411,NaN
2016-12-27,0.003142,0.004426,-0.001284
2016-12-28,0.003262,0.004440,-0.001178
2016-12-29,0.002800,0.004455,-0.001655
2016-12-30,0.008162,0.004470,0.003692
2016-12-31,NaN,0.004484,NaN
2017-01-01,0.005768,0.004499,0.001269
2017-01-02,0.005310,0.004514,0.000796
2017-01-03,NaN,0.004528,NaN
2017-01-04,NaN,0.004543,NaN
2017-01-05,NaN,0.004558,NaN
2017-01-06,NaN,0.004572,NaN
2017-01-07,NaN,0.004587,NaN
2017-01-08,NaN,0.004602,NaN
2017-01-09,0.012012,0.004616,0.007396
2017-01-10,NaN,0.004631,NaN
2017-01-11,0.007636,0.004646,0.002990
2017-01-12,0.001694,0.004660,-0.002966
2017-01-13,0.006932,0.004675,0.002257
2017-01-14,NaN,0.004690,NaN
2017-01-15,NaN,0.004704,NaN
2017-01-16,NaN,0.004694,NaN
2017-01-17,0.001438,0.004684,-0.003246
2017-01-18,0.004522,0.004673,-0.000151
2017-01-19,0.003796,0.004663,-0.000867
2017-01-20,0.004302,0.004652,-0.000350
2017-01-21,0.001449,0.004642,-0.003193
2017-01-22,0.006862,0.004632,0.002230
2017-01-23,NaN,0.004621,NaN
2017-01-24,0.008358,0.004611,0.003747
2017-01-25,0.003842,0.004600,-0.000758
2017-01-26,0.006504,0.004590,0.001914
2017-01-27,0.002112,0.004580,-0.002468
2017-01-28,NaN,0.004569,NaN
2017-01-29,NaN,0.004559,NaN
2017-01-30,NaN,0.004548,NaN
2017-01-31,0.005100,0.004538,0.000562
2017-02-01,0.001880,0.004528,-0.002648
2017-02-02,NaN,0.004517,NaN
2017-02-03,NaN,0.004507,NaN
2017-02-04,0.003318,0.004496,-0.001178
2017-02-05,0.003842,0.004486,-0.000644
2017-02-06,0.002240,0.004475,-0.002235
2017-02-07,0.003188,0.004465,-0.001277
2017-02-08,0.001744,0.004455,-0.002711
2017-02-09,0.001724,0.004444,-0.002720
2017-02-10,0.002652,0.004434,-0.001782
2017-02-11,0.004274,0.004423,-0.000149
2017-02-12,0.004635,0.004413,0.000222
2017-02-13,0.003314,0.004403,-0.001089
2017-02-14,0.004190,0.004392,-0.000202
2017-02-15,0.003168,0.004382,-0.001214
2017-02-16,NaN,0.004367,NaN
2017-02-17,NaN,0.004353,NaN
2017-02-18,NaN,0.004338,NaN
2017-02-19,0.003826,0.004323,-0.000497
2017-02-20,0.003450,0.004309,-0.000859
2017-02-21,NaN,0.004294,NaN
2017-02-22,NaN,0.004280,NaN
2017-02-23,0.003613,0.004265,-0.000652
2017-02-24,0.001952,0.004250,-0.002298
2017-02-25,0.003114,0.004236,-0.001122
2017-02-26,0.002948,0.004221,-0.001273
2017-02-27,NaN,0.004207,NaN
2017-02-28,0.004622,0.004192,0.000430
2017-03-01,NaN,0.004177,NaN
2017-03-02,0.005538,0.004163,0.001375
2017-03-03,NaN,0.004148,NaN
2017-03-04,0.008336,0.004134,0.004202
2017-03-05,NaN,0.004119,NaN
2017-03-06,NaN,0.004104,NaN
2017-03-07,NaN,0.004090,NaN
2017-03-08,0.003310,0.004075,-0.000765
2017-03-09,0.002480,0.004061,-0.001581
2017-03-10,0.003828,0.004046,-0.000218
2017-03-11,0.004500,0.004031,0.000469
2017-03-12,NaN,0.004017,NaN
2017-03-13,NaN,0.004002,NaN
2017-03-14,NaN,0.003988,NaN
2017-03-15,NaN,0.003973,NaN
2017-03-16,0.003226,0.003958,-0.000732
2017-03-17,0.004432,0.003943,0.000489
2017-03-18,0.004614,0.003928,0.000686
2017-03-19,0.003092,0.003913,-0.000821
2017-03-20,0.005466,0.003899,0.001567
2017-03-21,0.002456,0.003884,-0.001428
2017-03-22,0.008797,0.003869,0.004928
2017-03-23,0.003022,0.003854,-0.000832
2017-03-24,NaN,0.003839,NaN
2017-03-25,NaN,0.003824,NaN
2017-03-26,0.001784,0.003809,-0.002025
2017-03-27,0.003754,0.003794,-0.000040
2017-03-28,0.001932,0.003779,-0.001847
2017-03-29,NaN,0.003765,NaN
2017-03-30,NaN,0.003750,NaN
2017-03-31,NaN,0.003735,NaN
2017-04-01,NaN,0.003720,NaN
2017-04-02,NaN,0.003705,NaN
2017-04-03,0.005796,0.003690,0.002106
2017-04-04,NaN,0.003675,NaN
2017-04-05,NaN,0.003660,NaN
2017-04-06,NaN,0.003645,NaN
2017-04-07,NaN,0.003631,NaN
2017-04-08,0.003317,0.003616,-0.000299
2017-04-09,NaN,0.003601,NaN
2017-04-10,0.001766,0.003586,-0.001820
2017-04-11,0.002568,0.003571,-0.001003
2017-04-12,0.003791,0.003556,0.000235
2017-04-13,0.002034,0.003541,-0.001507
2017-04-14,NaN,0.003526,NaN
2017-04-15,NaN,0.003511,NaN
2017-04-16,NaN,0.003502,NaN
2017-04-17,NaN,0.003492,NaN
2017-04-18,NaN,0.003482,NaN
2017-04-19,NaN,0.003473,NaN
2017-04-20,NaN,0.003463,NaN
2017-04-21,NaN,0.003453,NaN
2017-04-22,NaN,0.003444,NaN
2017-04-23,NaN,0.003434,NaN
2017-04-24,0.001870,0.003424,-0.001554
2017-04-25,NaN,0.003415,NaN
2017-04-26,0.004086,0.003405,0.000681
2017-04-27,0.002748,0.003395,-0.000647
2017-04-28,0.003922,0.003386,0.000536
2017-04-29,NaN,0.003376,NaN
2017-04-30,NaN,0.003366,NaN
2017-05-01,NaN,0.003356,NaN
2017-05-02,NaN,0.003347,NaN
2017-05-03,0.003038,0.003337,-0.000299
2017-05-04,0.002798,0.003327,-0.000529
2017-05-05,NaN,0.003318,NaN
2017-05-06,0.002854,0.003308,-0.000454
2017-05-07,0.004264,0.003298,0.000966
2017-05-08,0.002932,0.003289,-0.000357
2017-05-09,NaN,0.003279,NaN
2017-05-10,0.002666,0.003269,-0.000603
2017-05-11,NaN,0.003260,NaN
2017-05-12,0.004203,0.003250,0.000953
2017-05-13,NaN,0.003240,NaN
2017-05-14,NaN,0.003231,NaN
2017-05-15,0.002580,0.003221,-0.000641
2017-05-16,NaN,0.003223,NaN
2017-05-17,NaN,0.003224,NaN
2017-05-18,NaN,0.003226,NaN
2017-05-19,NaN,0.003227,NaN
2017-05-20,NaN,0.003229,NaN
2017-05-21,0.004958,0.003231,0.001727
2017-05-22,0.001811,0.003232,-0.001421
2017-05-23,NaN,0.003234,NaN
2017-05-24,NaN,0.003236,NaN
2017-05-25,NaN,0.003237,NaN
2017-05-26,0.001682,0.003239,-0.001557
2017-05-27,0.002729,0.003240,-0.000511
2017-05-28,0.002538,0.003242,-0.000704
2017-05-29,0.002662,0.003244,-0.000582
2017-05-30,0.005296,0.003245,0.002051
2017-05-31,NaN,0.003247,NaN
2017-06-01,NaN,0.003249,NaN
2017-06-02,NaN,0.003250,NaN
2017-06-03,NaN,0.003252,NaN
2017-06-04,NaN,0.003253,NaN
2017-06-05,NaN,0.003255,NaN
2017-06-06,0.002088,0.003257,-0.001169
2017-06-07,NaN,0.003258,NaN
2017-06-08,NaN,0.003260,NaN
2017-06-09,NaN,0.003262,NaN
2017-06-10,NaN,0.003263,NaN
2017-06-11,0.001878,0.003265,-0.001387
2017-06-12,NaN,0.003266,NaN
2017-06-13,NaN,0.003268,NaN
2017-06-14,NaN,0.003270,NaN
2017-06-15,0.002434,0.003271,-0.000837
2017-06-16,NaN,0.003268,NaN
2017-06-17,NaN,0.003264,NaN
2017-06-18,NaN,0.003261,NaN
2017-06-19,NaN,0.003257,NaN
2017-06-20,NaN,0.003254,NaN
2017-06-21,NaN,0.003250,NaN
2017-06-22,0.004226,0.003247,0.000979
2017-06-23,NaN,0.003243,NaN
2017-06-24,NaN,0.003240,NaN
2017-06-25,NaN,0.003236,NaN
2017-06-26,NaN,0.003233,NaN
2017-06-27,0.003398,0.003229,0.000169
2017-06-28,0.003716,0.003226,0.000490
2017-06-29,0.005350,0.003222,0.002128
2017-06-30,0.001462,0.003219,-0.001757
2017-07-01,0.002334,0.003215,-0.000881
2017-07-02,NaN,0.003212,NaN
2017-07-03,NaN,0.003208,NaN
2017-07-04,NaN,0.003205,NaN
2017-07-05,NaN,0.003201,NaN
2017-07-06,0.002130,0.003198,-0.001068
2017-07-07,NaN,0.003194,NaN
2017-07-08,0.004622,0.003191,0.001431
2017-07-09,NaN,0.003188,NaN
2017-07-10,NaN,0.003184,NaN
2017-07-11,NaN,0.003181,NaN
2017-07-12,NaN,0.003177,NaN
2017-07-13,NaN,0.003174,NaN
2017-07-14,NaN,0.003170,NaN
2017-07-15,0.005788,0.003167,0.002621
2017-07-16,NaN,0.003160,NaN
2017-07-17,0.005417,0.003154,0.002263
2017-07-18,0.001246,0.003148,-0.001902
2017-07-19,NaN,0.003141,NaN
2017-07-20,NaN,0.003135,NaN
2017-07-21,NaN,0.003129,NaN
2017-07-22,NaN,0.003122,NaN
2017-07-23,0.004054,0.003116,0.000938
2017-07-24,NaN,0.003110,NaN
2017-07-25,0.002206,0.003103,-0.000897
2017-07-26,NaN,0.003097,NaN
2017-07-27,0.003143,0.003091,0.000052
2017-07-28,NaN,0.003085,NaN
2017-07-29,NaN,0.003078,NaN
2017-07-30,NaN,0.003072,NaN
2017-07-31,NaN,0.003066,NaN
2017-08-01,0.002124,0.003059,-0.000935
2017-08-02,0.002944,0.003053,-0.000109
2017-08-03,NaN,0.003047,NaN
2017-08-04,NaN,0.003040,NaN
2017-08-05,NaN,0.003034,NaN
2017-08-06,NaN,0.003028,NaN
2017-08-07,NaN,0.003021,NaN
2017-08-08,0.001804,0.003015,-0.001211
2017-08-09,0.002990,0.003009,-0.000019
2017-08-10,NaN,0.003002,NaN
2017-08-11,0.005632,0.002996,0.002636
2017-08-12,0.003164,0.002990,0.000174
2017-08-13,NaN,0.002984,NaN
2017-08-14,0.002786,0.002977,-0.000191
2017-08-15,0.002090,0.002971,-0.000881
2017-08-16,0.004086,0.002972,0.001114
2017-08-17,0.002342,0.002973,-0.000631
2017-08-18,0.003900,0.002974,0.000926
2017-08-19,0.003015,0.002974,0.000041
2017-08-20,NaN,0.002975,NaN
2017-08-21,NaN,0.002976,NaN
2017-08-22,NaN,0.002977,NaN
2017-08-23,NaN,0.002978,NaN
2017-08-24,NaN,0.002979,NaN
2017-08-25,NaN,0.002980,NaN
2017-08-26,NaN,0.002980,NaN
2017-08-27,NaN,0.002981,NaN
2017-08-28,NaN,0.002982,NaN
2017-08-29,NaN,0.002983,NaN
2017-08-30,0.001944,0.002984,-0.001040
2017-08-31,NaN,0.002985,NaN
2017-09-01,0.005518,0.002986,0.002532
2017-09-02,NaN,0.002986,NaN
2017-09-03,0.004526,0.002987,0.001539
2017-09-04,0.001588,0.002988,-0.001400
2017-09-05,NaN,0.002989,NaN
2017-09-06,NaN,0.002990,NaN
2017-09-07,NaN,0.002991,NaN
2017-09-08,NaN,0.002992,NaN
2017-09-09,NaN,0.002992,NaN
2017-09-10,NaN,0.002993,NaN
2017-09-11,NaN,0.002994,NaN
2017-09-12,0.007239,0.002995,0.004244
2017-09-13,NaN,0.002996,NaN
2017-09-14,0.004855,0.002997,0.001858
2017-09-15,0.003550,0.002998,0.000552
2017-09-16,0.003948,0.003023,0.000925
2017-09-17,0.003848,0.003047,0.000801
2017-09-18,0.003858,0.003072,0.000786
2017-09-19,0.005214,0.003097,0.002117
2017-09-20,NaN,0.003122,NaN
2017-09-21,0.005674,0.003147,0.002527
2017-09-22,NaN,0.003172,NaN
2017-09-23,0.001734,0.003197,-0.001463
2017-09-24,0.002688,0.003221,-0.000533
2017-09-25,0.003566,0.003246,0.000320
2017-09-26,NaN,0.003271,NaN
2017-09-27,NaN,0.003296,NaN
2017-09-28,NaN,0.003321,NaN
2017-09-29,NaN,0.003346,NaN
2017-09-30,NaN,0.003371,NaN
2017-10-01,NaN,0.003395,NaN
2017-10-02,NaN,0.003420,NaN
2017-10-03,0.006162,0.003445,0.002717
2017-10-04,NaN,0.003470,NaN
2017-10-05,NaN,0.003495,NaN
2017-10-06,NaN,0.003520,NaN
2017-10-07,NaN,0.003545,NaN
2017-10-08,NaN,0.003569,NaN
2017-10-09,NaN,0.003594,NaN
2017-10-10,0.002066,0.003619,-0.001553
2017-10-11,0.005239,0.003644,0.001595
2017-10-12,NaN,0.003669,NaN
2017-10-13,0.002304,0.003694,-0.001390
2017-10-14,0.003582,0.003719,-0.000137
2017-10-15,NaN,0.003744,NaN
2017-10-16,0.002476,0.003757,-0.001281
2017-10-17,NaN,0.003770,NaN
2017-10-18,NaN,0.003783,NaN
2017-10-19,0.002778,0.003797,-0.001019
2017-10-20,NaN,0.003810,NaN
2017-10-21,NaN,0.003823,NaN
2017-10-22,NaN,0.003836,NaN
2017-10-23,0.005446,0.003850,0.001596
2017-10-24,NaN,0.003863,NaN
2017-10-25,NaN,0.003876,NaN
2017-10-26,0.004452,0.003890,0.000562
2017-10-27,0.004210,0.003903,0.000307
2017-10-28,NaN,0.003916,NaN
2017-10-29,NaN,0.003929,NaN
2017-10-30,0.006609,0.003943,0.002666
2017-10-31,0.005668,0.003956,0.001712
2017-11-01,0.006404,0.003969,0.002435
2017-11-02,NaN,0.003982,NaN
2017-11-03,0.005695,0.003996,0.001699
2017-11-04,0.006674,0.004009,0.002665
2017-11-05,0.004154,0.004022,0.000132
2017-11-06,0.004235,0.004036,0.000199
2017-11-07,0.003124,0.004049,-0.000925
2017-11-08,0.004083,0.004062,0.000021
2017-11-09,0.001972,0.004075,-0.002103
2017-11-10,0.003906,0.004089,-0.000183
2017-11-11,0.006006,0.004102,0.001904
2017-11-12,NaN,0.004115,NaN
2017-11-13,NaN,0.004128,NaN
2017-11-14,0.006836,0.004142,0.002694
2017-11-15,NaN,0.004155,NaN
2017-11-16,NaN,0.004158,NaN
2017-11-17,0.006730,0.004160,0.002570
2017-11-18,0.002578,0.004163,-0.001585
2017-11-19,0.003266,0.004166,-0.000900
2017-11-20,NaN,0.004168,NaN
2017-11-21,0.002461,0.004171,-0.001710
2017-11-22,0.004401,0.004174,0.000227
2017-11-23,NaN,0.004176,NaN
2017-11-24,0.004258,0.004179,0.000079
2017-11-25,0.003008,0.004182,-0.001174
2017-11-26,0.003662,0.004184,-0.000522
2017-11-27,NaN,0.004187,NaN
2017-11-28,NaN,0.004190,NaN
2017-11-29,0.003384,0.004192,-0.000808
2017-11-30,0.002622,0.004195,-0.001573
2017-12-01,0.002674,0.004197,-0.001523
2017-12-02,0.003201,0.004200,-0.000999
2017-12-03,0.003409,0.004203,-0.000794
2017-12-04,NaN,0.004205,NaN
2017-12-05,0.003249,0.004208,-0.000959
2017-12-06,0.004674,0.004211,0.000463
2017-12-07,NaN,0.004213,NaN
2017-12-08,0.002472,0.004216,-0.001744
2017-12-09,NaN,0.004219,NaN
2017-12-10,0.008358,0.004221,0.004137
2017-12-11,0.004690,0.004224,0.000466
2017-12-12,0.003692,0.004227,-0.000535
2017-12-13,0.003850,0.004229,-0.000379
2017-12-14,0.002634,0.004232,-0.001598
2017-12-15,0.003478,0.004235,-0.000757
2017-12-16,NaN,0.004250,NaN
2017-12-17,NaN,0.004265,NaN
2017-12-18,NaN,0.004280,NaN
2017-12-19,0.003298,0.004295,-0.000997
2017-12-20,0.001496,0.004310,-0.002814
2017-12-21,0.003172,0.004326,-0.001154
2017-12-22,0.003466,0.004341,-0.000875
2017-12-23,0.001724,0.004356,-0.002632
2017-12-24,0.004574,0.004371,0.000203
2017-12-25,0.002714,0.004386,-0.001672
2017-12-26,0.002850,0.004401,-0.001551
2017-12-27,0.003186,0.004417,-0.001231
2017-12-28,0.003842,0.004432,-0.000590
2017-12-29,0.003394,0.004447,-0.001053
2017-12-30,NaN,0.004462,NaN
2017-12-31,0.003076,0.004477,-0.001401
2018-01-01,0.002876,0.004492,-0.001616
2018-01-02,NaN,0.004507,NaN
2018-01-03,NaN,0.004523,NaN
2018-01-04,0.006790,0.004538,0.002252
2018-01-05,0.005542,0.004553,0.000989
2018-01-06,0.005818,0.004568,0.001250
2018-01-07,0.004884,0.004583,0.000301
2018-01-08,NaN,0.004598,NaN
2018-01-09,NaN,0.004614,NaN
2018-01-10,NaN,0.004629,NaN
2018-01-11,0.004064,0.004644,-0.000580
2018-01-12,NaN,0.004659,NaN
2018-01-13,0.003708,0.004674,-0.000966
2018-01-14,NaN,0.004689,NaN
2018-01-15,NaN,0.004704,NaN
2018-01-16,0.002860,0.004694,-0.001834
2018-01-17,NaN,0.004684,NaN
2018-01-18,0.006235,0.004673,0.001562
2018-01-19,NaN,0.004663,NaN
2018-01-20,NaN,0.004652,NaN
2018-01-21,NaN,0.004642,NaN
2018-01-22,NaN,0.004632,NaN
2018-01-23,0.004500,0.004621,-0.000121
2018-01-24,NaN,0.004611,NaN
2018-01-25,NaN,0.004600,NaN
2018-01-26,NaN,0.004590,NaN
2018-01-27,0.007988,0.004580,0.003408
2018-01-28,NaN,0.004569,NaN
2018-01-29,0.003954,0.004559,-0.000605
2018-01-30,0.006662,0.004548,0.002114
2018-01-31,0.006082,0.004538,0.001544
2018-02-01,0.005212,0.004528,0.000684
2018-02-02,NaN,0.004517,NaN
2018-02-03,0.003190,0.004507,-0.001317
2018-02-04,NaN,0.004496,NaN
2018-02-05,0.004794,0.004486,0.000308
2018-02-06,0.003412,0.004475,-0.001063
2018-02-07,0.004313,0.004465,-0.000152
2018-02-08,0.005004,0.004455,0.000549
2018-02-09,0.006428,0.004444,0.001984
2018-02-10,0.006358,0.004434,0.001924
2018-02-11,NaN,0.004423,NaN
2018-02-12,0.006608,0.004413,0.002195
2018-02-13,0.003220,0.004403,-0.001183
2018-02-14,0.004944,0.004392,0.000552
2018-02-15,0.003138,0.004382,-0.001244
2018-02-16,0.003384,0.004367,-0.000983
2018-02-17,0.004410,0.004353,0.000057
2018-02-18,NaN,0.004338,NaN
2018-02-19,0.006476,0.004323,0.002153
2018-02-20,NaN,0.004309,NaN
2018-02-21,NaN,0.004294,NaN
2018-02-22,NaN,0.004280,NaN
2018-02-23,0.002710,0.004265,-0.001555
2018-02-24,0.002862,0.004250,-0.001388
2018-02-25,0.002412,0.004236,-0.001824
2018-02-26,0.003342,0.004221,-0.000879
2018-02-27,0.002982,0.004207,-0.001225
2018-02-28,0.002586,0.004192,-0.001606
2018-03-01,0.002236,0.004177,-0.001941
2018-03-02,0.003516,0.004163,-0.000647
2018-03-03,0.003532,0.004148,-0.000616
2018-03-04,0.003780,0.004134,-0.000354
2018-03-05,0.004200,0.004119,0.000081
2018-03-06,0.002400,0.004104,-0.001704
2018-03-07,0.003088,0.004090,-0.001002
2018-03-08,NaN,0.004075,NaN
2018-03-09,NaN,0.004061,NaN
2018-03-10,NaN,0.004046,NaN
2018-03-11,0.002812,0.004031,-0.001219
2018-03-12,NaN,0.004017,NaN
2018-03-13,0.003822,0.004002,-0.000180
2018-03-14,0.004984,0.003988,0.000996
2018-03-15,0.003462,0.003973,-0.000511
2018-03-16,0.004590,0.003958,0.000632
2018-03-17,NaN,0.003943,NaN
2018-03-18,0.003500,0.003928,-0.000428
2018-03-19,NaN,0.003913,NaN
2018-03-20,0.002034,0.003899,-0.001865
2018-03-21,NaN,0.003884,NaN
2018-03-22,0.004058,0.003869,0.000189
2018-03-23,0.005680,0.003854,0.001826
2018-03-24,0.002874,0.003839,-0.000965
2018-03-25,NaN,0.003824,NaN
2018-03-26,0.002880,0.003809,-0.000929
2018-03-27,NaN,0.003794,NaN
2018-03-28,NaN,0.003779,NaN
2018-03-29,0.003068,0.003765,-0.000697
2018-03-30,0.002944,0.003750,-0.000806
2018-03-31,NaN,0.003735,NaN
2018-04-01,NaN,0.003720,NaN
2018-04-02,0.001948,0.003705,-0.001757
2018-04-03,NaN,0.003690,NaN
2018-04-04,0.002032,0.003675,-0.001643
2018-04-05,0.002852,0.003660,-0.000808
2018-04-06,0.003148,0.003645,-0.000497
2018-04-07,0.002744,0.003631,-0.000887
2018-04-08,0.004093,0.003616,0.000477
2018-04-09,0.002238,0.003601,-0.001363
2018-04-10,NaN,0.003586,NaN
2018-04-11,0.002670,0.003571,-0.000901
2018-04-12,NaN,0.003556,NaN
2018-04-13,0.003259,0.003541,-0.000282
2018-04-14,0.002110,0.003526,-0.001416
2018-04-15,NaN,0.003511,NaN
2018-04-16,0.003080,0.003502,-0.000422
2018-04-17,NaN,0.003492,NaN
2018-04-18,0.002682,0.003482,-0.000800
2018-04-19,0.001772,0.003473,-0.001701
2018-04-20,0.003176,0.003463,-0.000287
2018-04-21,0.002772,0.003453,-0.000681
2018-04-22,0.005234,0.003444,0.001790
2018-04-23,NaN,0.003434,NaN
2018-04-24,0.004116,0.003424,0.000692
2018-04-25,0.001986,0.003415,-0.001429
2018-04-26,NaN,0.003405,NaN
2018-04-27,NaN,0.003395,NaN
2018-04-28,NaN,0.003386,NaN
2018-04-29,0.003300,0.003376,-0.000076
2018-04-30,0.003032,0.003366,-0.000334
2018-05-01,0.002016,0.003356,-0.001340
2018-05-02,NaN,0.003347,NaN
2018-05-03,NaN,0.003337,NaN
2018-05-04,0.003664,0.003327,0.000337
2018-05-05,NaN,0.003318,NaN
2018-05-06,0.002868,0.003308,-0.000440
2018-05-07,NaN,0.003298,NaN
2018-05-08,NaN,0.003289,NaN
2018-05-09,0.002730,0.003279,-0.000549
2018-05-10,NaN,0.003269,NaN
2018-05-11,NaN,0.003260,NaN
2018-05-12,NaN,0.003250,NaN
2018-05-13,NaN,0.003240,NaN
2018-05-14,NaN,0.003231,NaN
2018-05-15,NaN,0.003221,NaN
2018-05-16,NaN,0.003223,NaN
2018-05-17,NaN,0.003224,NaN
2018-05-18,NaN,0.003226,NaN
2018-05-19,NaN,0.003227,NaN
2018-05-20,NaN,0.003229,NaN
2018-05-21,NaN,0.003231,NaN
2018-05-22,NaN,0.003232,NaN
2018-05-23,NaN,0.003234,NaN
2018-05-24,NaN,0.003236,NaN
2018-05-25,NaN,0.003237,NaN
2018-05-26,NaN,0.003239,NaN
2018-05-27,NaN,0.003240,NaN
2018-05-28,NaN,0.003242,NaN
2018-05-29,NaN,0.003244,NaN
2018-05-30,NaN,0.003245,NaN
2018-05-31,NaN,0.003247,NaN
2018-06-01,NaN,0.003249,NaN
2018-06-02,0.000597,0.003250,-0.002653
2018-06-03,0.002380,0.003252,-0.000872
2018-06-04,NaN,0.003253,NaN
2018-06-05,0.002920,0.003255,-0.000335
2018-06-06,NaN,0.003257,NaN
2018-06-07,0.001922,0.003258,-0.001336
2018-06-08,0.003074,0.003260,-0.000186
2018-06-09,0.006932,0.003262,0.003670
2018-06-10,NaN,0.003263,NaN
2018-06-11,NaN,0.003265,NaN
2018-06-12,NaN,0.003266,NaN
2018-06-13,NaN,0.003268,NaN
2018-06-14,NaN,0.003270,NaN
2018-06-15,NaN,0.003271,NaN
2018-06-16,NaN,0.003268,NaN
2018-06-17,NaN,0.003264,NaN
2018-06-18,NaN,0.003261,NaN
2018-06-19,NaN,0.003257,NaN
2018-06-20,NaN,0.003254,NaN
2018-06-21,NaN,0.003250,NaN
2018-06-22,NaN,0.003247,NaN
2018-06-23,NaN,0.003243,NaN
2018-06-24,0.003830,0.003240,0.000590
2018-06-25,0.002458,0.003236,-0.000778
2018-06-26,NaN,0.003233,NaN
2018-06-27,0.004107,0.003229,0.000878
2018-06-28,NaN,0.003226,NaN
2018-06-29,NaN,0.003222,NaN
2018-06-30,NaN,0.003219,NaN
2018-07-01,NaN,0.003215,NaN
2018-07-02,0.002650,0.003212,-0.000562
2018-07-03,0.003192,0.003208,-0.000016
2018-07-04,0.004684,0.003205,0.001479
2018-07-05,NaN,0.003201,NaN
2018-07-06,NaN,0.003198,NaN
2018-07-07,NaN,0.003194,NaN
2018-07-08,NaN,0.003191,NaN
2018-07-09,0.003016,0.003188,-0.000172
2018-07-10,0.002962,0.003184,-0.000222
2018-07-11,NaN,0.003181,NaN
2018-07-12,NaN,0.003177,NaN
2018-07-13,0.004829,0.003174,0.001655
2018-07-14,NaN,0.003170,NaN
2018-07-15,NaN,0.003167,NaN
2018-07-16,NaN,0.003160,NaN
2018-07-17,0.002522,0.003154,-0.000632
2018-07-18,NaN,0.003148,NaN
2018-07-19,0.001538,0.003141,-0.001603
2018-07-20,NaN,0.003135,NaN
2018-07-21,NaN,0.003129,NaN
2018-07-22,NaN,0.003122,NaN
2018-07-23,NaN,0.003116,NaN
2018-07-24,NaN,0.003110,NaN
2018-07-25,0.002466,0.003103,-0.000637
2018-07-26,0.001260,0.003097,-0.001837
2018-07-27,NaN,0.003091,NaN
2018-07-28,NaN,0.003085,NaN
2018-07-29,NaN,0.003078,NaN
2018-07-30,NaN,0.003072,NaN
2018-07-31,NaN,0.003066,NaN
2018-08-01,NaN,0.003059,NaN
2018-08-02,NaN,0.003053,NaN
2018-08-03,NaN,0.003047,NaN
2018-08-04,NaN,0.003040,NaN
2018-08-05,0.004045,0.003034,0.001011
2018-08-06,0.001520,0.003028,-0.001508
2018-08-07,NaN,0.003021,NaN
2018-08-08,NaN,0.003015,NaN
2018-08-09,NaN,0.003009,NaN
2018-08-10,NaN,0.003002,NaN
2018-08-11,NaN,0.002996,NaN
2018-08-12,NaN,0.002990,NaN
2018-08-13,0.002444,0.002984,-0.000540
2018-08-14,NaN,0.002977,NaN
2018-08-15,NaN,0.002971,NaN
2018-08-16,NaN,0.002972,NaN
2018-08-17,0.003156,0.002973,0.000183
2018-08-18,NaN,0.002974,NaN
2018-08-19,0.002546,0.002974,-0.000428
2018-08-20,0.005042,0.002975,0.002067
2018-08-21,0.003631,0.002976,0.000655
2018-08-22,NaN,0.002977,NaN
2018-08-23,0.004758,0.002978,0.001780
2018-08-24,NaN,0.002979,NaN
2018-08-25,NaN,0.002980,NaN
2018-08-26,0.001792,0.002980,-0.001188
2018-08-27,NaN,0.002981,NaN
2018-08-28,NaN,0.002982,NaN
2018-08-29,NaN,0.002983,NaN
2018-08-30,NaN,0.002984,NaN
2018-08-31,NaN,0.002985,NaN
2018-09-01,NaN,0.002986,NaN
2018-09-02,NaN,0.002986,NaN
2018-09-03,NaN,0.002987,NaN
2018-09-04,NaN,0.002988,NaN
2018-09-05,0.002920,0.002989,-0.000069
2018-09-06,NaN,0.002990,NaN
2018-09-07,NaN,0.002991,NaN
2018-09-08,NaN,0.002992,NaN
2018-09-09,NaN,0.002992,NaN
2018-09-10,NaN,0.002993,NaN
2018-09-11,NaN,0.002994,NaN
2018-09-12,NaN,0.002995,NaN
2018-09-13,0.003653,0.002996,0.000657
2018-09-14,NaN,0.002997,NaN
2018-09-15,0.003704,0.002998,0.000706
2018-09-16,NaN,0.003023,NaN
2018-09-17,NaN,0.003047,NaN
2018-09-18,0.003372,0.003072,0.000300
2018-09-19,0.003117,0.003097,0.000020
2018-09-20,0.003044,0.003122,-0.000078
2018-09-21,NaN,0.003147,NaN
2018-09-22,0.002534,0.003172,-0.000638
2018-09-23,NaN,0.003197,NaN
2018-09-24,0.001925,0.003221,-0.001296
2018-09-25,NaN,0.003246,NaN
2018-09-26,NaN,0.003271,NaN
2018-09-27,NaN,0.003296,NaN
2018-09-28,0.001888,0.003321,-0.001433
2018-09-29,0.005135,0.003346,0.001789
2018-09-30,NaN,0.003371,NaN
2018-10-01,0.004617,0.003395,0.001222
2018-10-02,NaN,0.003420,NaN
2018-10-03,NaN,0.003445,NaN
2018-10-04,0.003548,0.003470,0.000078
2018-10-05,0.003825,0.003495,0.000330
2018-10-06,0.004362,0.003520,0.000842
2018-10-07,NaN,0.003545,NaN
2018-10-08,NaN,0.003569,NaN
2018-10-09,NaN,0.003594,NaN
2018-10-10,0.003330,0.003619,-0.000289
2018-10-11,NaN,0.003644,NaN
2018-10-12,0.001790,0.003669,-0.001879
2018-10-13,0.003664,0.003694,-0.000030
2018-10-14,0.004160,0.003719,0.000441
2018-10-15,0.004534,0.003744,0.000790
2018-10-16,NaN,0.003757,NaN
2018-10-17,0.003574,0.003770,-0.000196
2018-10-18,0.003136,0.003783,-0.000647
2018-10-19,0.003776,0.003797,-0.000021
2018-10-20,0.002880,0.003810,-0.000930
2018-10-21,0.002390,0.003823,-0.001433
2018-10-22,NaN,0.003836,NaN
2018-10-23,NaN,0.003850,NaN
2018-10-24,0.003777,0.003863,-0.000086
2018-10-25,0.002364,0.003876,-0.001512
2018-10-26,0.003772,0.003890,-0.000118
2018-10-27,0.003698,0.003903,-0.000205
2018-10-28,NaN,0.003916,NaN
2018-10-29,0.005394,0.003929,0.001465
2018-10-30,0.004970,0.003943,0.001027
2018-10-31,0.005276,0.003956,0.001320
2018-11-01,NaN,0.003969,NaN
2018-11-02,NaN,0.003982,NaN
2018-11-03,NaN,0.003996,NaN
2018-11-04,0.005131,0.004009,0.001122
2018-11-05,NaN,0.004022,NaN
2018-11-06,NaN,0.004036,NaN
2018-11-07,0.004358,0.004049,0.000309
2018-11-08,0.005258,0.004062,0.001196
2018-11-09,0.005036,0.004075,0.000961
2018-11-10,0.004148,0.004089,0.000059
2018-11-11,0.006421,0.004102,0.002319
2018-11-12,NaN,0.004115,NaN
2018-11-13,NaN,0.004128,NaN
2018-11-14,NaN,0.004142,NaN
2018-11-15,NaN,0.004155,NaN
2018-11-16,0.005680,0.004158,0.001522
2018-11-17,NaN,0.004160,NaN
2018-11-18,NaN,0.004163,NaN
2018-11-19,NaN,0.004166,NaN
2018-11-20,0.005383,0.004168,0.001215
2018-11-21,0.004208,0.004171,0.000037
2018-11-22,NaN,0.004174,NaN
2018-11-23,0.005516,0.004176,0.001340
2018-11-24,NaN,0.004179,NaN
2018-11-25,0.002168,0.004182,-0.002014
2018-11-26,NaN,0.004184,NaN
2018-11-27,NaN,0.004187,NaN
2018-11-28,0.006752,0.004190,0.002562
2018-11-29,NaN,0.004192,NaN
2018-11-30,NaN,0.004195,NaN
2018-12-01,0.003854,0.004197,-0.000343
2018-12-02,0.003966,0.004200,-0.000234
2018-12-03,0.003262,0.004203,-0.000941
2018-12-04,0.003400,0.004205,-0.000805
2018-12-05,NaN,0.004208,NaN
2018-12-06,0.008268,0.004211,0.004057
2018-12-07,0.005516,0.004213,0.001303
2018-12-08,0.005406,0.004216,0.001190
2018-12-09,NaN,0.004219,NaN
2018-12-10,NaN,0.004221,NaN
2018-12-11,0.003680,0.004224,-0.000544
2018-12-12,NaN,0.004227,NaN
2018-12-13,0.004902,0.004229,0.000673
2018-12-14,NaN,0.004232,NaN
2018-12-15,NaN,0.004235,NaN
2018-12-16,0.003986,0.004250,-0.000264
2018-12-17,0.003497,0.004265,-0.000768
2018-12-18,NaN,0.004280,NaN
2018-12-19,0.002910,0.004295,-0.001385
2018-12-20,0.006454,0.004310,0.002144
2018-12-21,NaN,0.004326,NaN
2018-12-22,0.012236,0.004341,0.007895
2018-12-23,0.007250,0.004356,0.002894
2018-12-24,0.005012,0.004371,0.000641
2018-12-25,0.005076,0.004386,0.000690
2018-12-26,NaN,0.004401,NaN
2018-12-27,0.006144,0.004417,0.001727
2018-12-28,NaN,0.004432,NaN
2018-12-29,0.004780,0.004447,0.000333
2018-12-30,0.003970,0.004462,-0.000492
2018-12-31,0.004636,0.004477,0.000159
2019-01-01,0.004488,0.004492,-0.000004
2019-01-02,0.004780,0.004507,0.000273
2019-01-03,0.005126,0.004523,0.000603
2019-01-04,NaN,0.004538,NaN
2019-01-05,NaN,0.004553,NaN
2019-01-06,0.003980,0.004568,-0.000588
2019-01-07,0.003210,0.004583,-0.001373
2019-01-08,0.003246,0.004598,-0.001352
2019-01-09,NaN,0.004614,NaN
2019-01-10,0.005308,0.004629,0.000679
2019-01-11,0.004174,0.004644,-0.000470
2019-01-12,0.004330,0.004659,-0.000329
2019-01-13,NaN,0.004674,NaN
2019-01-14,0.003924,0.004689,-0.000765
2019-01-15,NaN,0.004704,NaN
2019-01-16,0.004529,0.004694,-0.000165
2019-01-17,0.003854,0.004684,-0.000830
2019-01-18,0.003354,0.004673,-0.001319
2019-01-19,0.003512,0.004663,-0.001151
2019-01-20,NaN,0.004652,NaN
2019-01-21,0.007475,0.004642,0.002833
2019-01-22,NaN,0.004632,NaN
2019-01-23,0.007178,0.004621,0.002557
2019-01-24,NaN,0.004611,NaN
2019-01-25,NaN,0.004600,NaN
2019-01-26,NaN,0.004590,NaN
2019-01-27,NaN,0.004580,NaN
2019-01-28,0.006933,0.004569,0.002364
2019-01-29,0.005532,0.004559,0.000973
2019-01-30,NaN,0.004548,NaN
2019-01-31,0.002971,0.004538,-0.001567
2019-02-01,0.003694,0.004528,-0.000834
2019-02-02,0.003732,0.004517,-0.000785
2019-02-03,0.003078,0.004507,-0.001429
2019-02-04,0.004136,0.004496,-0.000360
2019-02-05,0.003456,0.004486,-0.001030
2019-02-06,0.005196,0.004475,0.000721
2019-02-07,0.003526,0.004465,-0.000939
2019-02-08,0.004812,0.004455,0.000357
2019-02-09,0.005036,0.004444,0.000592
2019-02-10,NaN,0.004434,NaN
2019-02-11,NaN,0.004423,NaN
2019-02-12,0.004700,0.004413,0.000287
2019-02-13,NaN,0.004403,NaN
2019-02-14,NaN,0.004392,NaN
2019-02-15,0.004994,0.004382,0.000612
2019-02-16,0.003440,0.004367,-0.000927
2019-02-17,0.004292,0.004353,-0.000061
2019-02-18,NaN,0.004338,NaN
2019-02-19,NaN,0.004323,NaN
2019-02-20,NaN,0.004309,NaN
2019-02-21,NaN,0.004294,NaN
2019-02-22,0.004761,0.004280,0.000481
2019-02-23,NaN,0.004265,NaN
2019-02-24,0.003896,0.004250,-0.000354
2019-02-25,NaN,0.004236,NaN
2019-02-26,NaN,0.004221,NaN
2019-02-27,0.003784,0.004207,-0.000423
2019-02-28,0.003268,0.004192,-0.000924
2019-03-01,0.004194,0.004177,0.000017
2019-03-02,0.002260,0.004163,-0.001903
2019-03-03,0.008112,0.004148,0.003964
2019-03-04,NaN,0.004134,NaN
2019-03-05,0.003266,0.004119,-0.000853
2019-03-06,0.004522,0.004104,0.000418
2019-03-07,0.003712,0.004090,-0.000378
2019-03-08,0.003970,0.004075,-0.000105
2019-03-09,NaN,0.004061,NaN
2019-03-10,0.004171,0.004046,0.000125
2019-03-11,NaN,0.004031,NaN
2019-03-12,0.004976,0.004017,0.000959
2019-03-13,0.003518,0.004002,-0.000484
2019-03-14,0.003185,0.003988,-0.000803
2019-03-15,NaN,0.003973,NaN
2019-03-16,0.003211,0.003958,-0.000747
2019-03-17,0.004052,0.003943,0.000109
2019-03-18,NaN,0.003928,NaN
2019-03-19,NaN,0.003913,NaN
2019-03-20,NaN,0.003899,NaN
2019-03-21,NaN,0.003884,NaN
2019-03-22,0.004284,0.003869,0.000415
2019-03-23,0.003382,0.003854,-0.000472
2019-03-24,NaN,0.003839,NaN
2019-03-25,0.002866,0.003824,-0.000958
2019-03-26,0.004270,0.003809,0.000461
2019-03-27,0.003420,0.003794,-0.000374
2019-03-28,NaN,0.003779,NaN
2019-03-29,NaN,0.003765,NaN
2019-03-30,0.003160,0.003750,-0.000590
2019-03-31,0.004122,0.003735,0.000387
2019-04-01,0.002522,0.003720,-0.001198
2019-04-02,0.004664,0.003705,0.000959
2019-04-03,NaN,0.003690,NaN
2019-04-04,NaN,0.003675,NaN
2019-04-05,NaN,0.003660,NaN
2019-04-06,NaN,0.003645,NaN
2019-04-07,NaN,0.003631,NaN
2019-04-08,NaN,0.003616,NaN
2019-04-09,NaN,0.003601,NaN
2019-04-10,NaN,0.003586,NaN
2019-04-11,0.003442,0.003571,-0.000129
2019-04-12,NaN,0.003556,NaN
2019-04-13,NaN,0.003541,NaN
2019-04-14,NaN,0.003526,NaN
2019-04-15,NaN,0.003511,NaN
2019-04-16,0.003926,0.003502,0.000424
2019-04-17,0.003704,0.003492,0.000212
2019-04-18,0.004000,0.003482,0.000518
2019-04-19,0.003224,0.003473,-0.000249
2019-04-20,NaN,0.003463,NaN
2019-04-21,0.003006,0.003453,-0.000447
2019-04-22,NaN,0.003444,NaN
2019-04-23,0.003444,0.003434,0.000010
2019-04-24,NaN,0.003424,NaN
2019-04-25,0.005354,0.003415,0.001939
2019-04-26,0.002718,0.003405,-0.000687
2019-04-27,0.004824,0.003395,0.001429
2019-04-28,NaN,0.003386,NaN
2019-04-29,NaN,0.003376,NaN
2019-04-30,NaN,0.003366,NaN
2019-05-01,NaN,0.003356,NaN
2019-05-02,0.004288,0.003347,0.000941
2019-05-03,NaN,0.003337,NaN
2019-05-04,NaN,0.003327,NaN
2019-05-05,NaN,0.003318,NaN
2019-05-06,NaN,0.003308,NaN
2019-05-07,NaN,0.003298,NaN
2019-05-08,NaN,0.003289,NaN
2019-05-09,NaN,0.003279,NaN
2019-05-10,NaN,0.003269,NaN
2019-05-11,0.003478,0.003260,0.000218
2019-05-12,NaN,0.003250,NaN
2019-05-13,0.006439,0.003240,0.003199
2019-05-14,NaN,0.003231,NaN
2019-05-15,NaN,0.003221,NaN
2019-05-16,0.002862,0.003223,-0.000361
2019-05-17,NaN,0.003224,NaN
2019-05-18,0.004202,0.003226,0.000976
2019-05-19,0.001964,0.003227,-0.001263
2019-05-20,0.004486,0.003229,0.001257
2019-05-21,0.001894,0.003231,-0.001337
2019-05-22,NaN,0.003232,NaN
2019-05-23,0.004808,0.003234,0.001574
2019-05-24,NaN,0.003236,NaN
2019-05-25,0.005404,0.003237,0.002167
2019-05-26,0.003360,0.003239,0.000121
2019-05-27,0.003492,0.003240,0.000252
2019-05-28,0.002340,0.003242,-0.000902
2019-05-29,NaN,0.003244,NaN
2019-05-30,NaN,0.003245,NaN
2019-05-31,NaN,0.003247,NaN
2019-06-01,0.002595,0.003249,-0.000654
2019-06-02,0.002890,0.003250,-0.000360
2019-06-03,0.004854,0.003252,0.001602
2019-06-04,0.002960,0.003253,-0.000293
2019-06-05,NaN,0.003255,NaN
2019-06-06,0.001836,0.003257,-0.001421
2019-06-07,NaN,0.003258,NaN
2019-06-08,NaN,0.003260,NaN
2019-06-09,NaN,0.003262,NaN
2019-06-10,NaN,0.003263,NaN
2019-06-11,0.002526,0.003265,-0.000739
2019-06-12,0.002628,0.003266,-0.000638
2019-06-13,NaN,0.003268,NaN
2019-06-14,NaN,0.003270,NaN
2019-06-15,NaN,0.003271,NaN
2019-06-16,NaN,0.003268,NaN
2019-06-17,NaN,0.003264,NaN
2019-06-18,NaN,0.003261,NaN
2019-06-19,NaN,0.003257,NaN
2019-06-20,0.002788,0.003254,-0.000466
2019-06-21,0.004478,0.003250,0.001228
2019-06-22,NaN,0.003247,NaN
2019-06-23,NaN,0.003243,NaN
2019-06-24,0.003212,0.003240,-0.000028
2019-06-25,0.003436,0.003236,0.000200
2019-06-26,0.004452,0.003233,0.001219
2019-06-27,NaN,0.003229,NaN
2019-06-28,NaN,0.003226,NaN
2019-06-29,0.004548,0.003222,0.001326
2019-06-30,0.003989,0.003219,0.000770
2019-07-01,0.002838,0.003215,-0.000377
2019-07-02,NaN,0.003212,NaN
2019-07-03,NaN,0.003208,NaN
2019-07-04,NaN,0.003205,NaN
2019-07-05,NaN,0.003201,NaN
2019-07-06,NaN,0.003198,NaN
2019-07-07,NaN,0.003194,NaN
2019-07-08,NaN,0.003191,NaN
2019-07-09,NaN,0.003188,NaN
2019-07-10,NaN,0.003184,NaN
2019-07-11,NaN,0.003181,NaN
2019-07-12,NaN,0.003177,NaN
2019-07-13,NaN,0.003174,NaN
2019-07-14,0.002834,0.003170,-0.000336
2019-07-15,NaN,0.003167,NaN
2019-07-16,NaN,0.003160,NaN
2019-07-17,NaN,0.003154,NaN
2019-07-18,NaN,0.003148,NaN
2019-07-19,0.001090,0.003141,-0.002051
2019-07-20,NaN,0.003135,NaN
2019-07-21,NaN,0.003129,NaN
2019-07-22,0.001488,0.003122,-0.001634
2019-07-23,0.005608,0.003116,0.002492
2019-07-24,NaN,0.003110,NaN
2019-07-25,NaN,0.003103,NaN
2019-07-26,NaN,0.003097,NaN
2019-07-27,NaN,0.003091,NaN
2019-07-28,0.001976,0.003085,-0.001109
2019-07-29,0.002500,0.003078,-0.000578
2019-07-30,0.002055,0.003072,-0.001017
2019-07-31,0.003430,0.003066,0.000364
2019-08-01,NaN,0.003059,NaN
2019-08-02,NaN,0.003053,NaN
2019-08-03,NaN,0.003047,NaN
2019-08-04,NaN,0.003040,NaN
2019-08-05,0.003754,0.003034,0.000720
2019-08-06,NaN,0.003028,NaN
2019-08-07,NaN,0.003021,NaN
2019-08-08,0.005062,0.003015,0.002047
2019-08-09,NaN,0.003009,NaN
2019-08-10,NaN,0.003002,NaN
2019-08-11,0.001299,0.002996,-0.001697
2019-08-12,NaN,0.002990,NaN
2019-08-13,NaN,0.002984,NaN
2019-08-14,NaN,0.002977,NaN
2019-08-15,NaN,0.002971,NaN
2019-08-16,0.002496,0.002972,-0.000476
2019-08-17,0.004018,0.002973,0.001045
2019-08-18,NaN,0.002974,NaN
2019-08-19,NaN,0.002974,NaN
2019-08-20,0.002966,0.002975,-0.000009
2019-08-21,NaN,0.002976,NaN
2019-08-22,0.005697,0.002977,0.002720
2019-08-23,0.004292,0.002978,0.001314
2019-08-24,0.005786,0.002979,0.002807
2019-08-25,NaN,0.002980,NaN
2019-08-26,NaN,0.002980,NaN
2019-08-27,NaN,0.002981,NaN
2019-08-28,NaN,0.002982,NaN
2019-08-29,NaN,0.002983,NaN
2019-08-30,NaN,0.002984,NaN
2019-08-31,NaN,0.002985,NaN
2019-09-01,0.002444,0.002986,-0.000542
2019-09-02,NaN,0.002986,NaN
2019-09-03,NaN,0.002987,NaN
2019-09-04,NaN,0.002988,NaN
2019-09-05,0.002054,0.002989,-0.000935
2019-09-06,0.003220,0.002990,0.000230
2019-09-07,NaN,0.002991,NaN
2019-09-08,NaN,0.002992,NaN
2019-09-09,0.004232,0.002992,0.001240
2019-09-10,NaN,0.002993,NaN
2019-09-11,NaN,0.002994,NaN
2019-09-12,0.003982,0.002995,0.000987
2019-09-13,NaN,0.002996,NaN
2019-09-14,0.002047,0.002997,-0.000950
2019-09-15,0.000414,0.002998,-0.002584
2019-09-16,0.003128,0.003023,0.000105
2019-09-17,0.002148,0.003047,-0.000899
2019-09-18,NaN,0.003072,NaN
2019-09-19,NaN,0.003097,NaN
2019-09-20,NaN,0.003122,NaN
2019-09-21,NaN,0.003147,NaN
2019-09-22,NaN,0.003172,NaN
2019-09-23,0.004392,0.003197,0.001195
2019-09-24,0.002646,0.003221,-0.000575
2019-09-25,0.003246,0.003246,-0.000000
2019-09-26,0.001854,0.003271,-0.001417
2019-09-27,NaN,0.003296,NaN
2019-09-28,0.002598,0.003321,-0.000723
2019-09-29,NaN,0.003346,NaN
2019-09-30,0.003156,0.003371,-0.000215
2019-10-01,0.002498,0.003395,-0.000897
2019-10-02,0.002857,0.003420,-0.000563
2019-10-03,NaN,0.003445,NaN
2019-10-04,0.005210,0.003470,0.001740
2019-10-05,0.003964,0.003495,0.000469
2019-10-06,NaN,0.003520,NaN
2019-10-07,NaN,0.003545,NaN
2019-10-08,NaN,0.003569,NaN
2019-10-09,0.002656,0.003594,-0.000938
2019-10-10,0.002216,0.003619,-0.001403
2019-10-11,0.002230,0.003644,-0.001414
2019-10-12,NaN,0.003669,NaN
2019-10-13,0.002122,0.003694,-0.001572
2019-10-14,0.001918,0.003719,-0.001801
2019-10-15,0.001858,0.003744,-0.001886
2019-10-16,0.002240,0.003757,-0.001517
2019-10-17,0.001744,0.003770,-0.002026
2019-10-18,NaN,0.003783,NaN
2019-10-19,NaN,0.003797,NaN
2019-10-20,0.004202,0.003810,0.000392
2019-10-21,NaN,0.003823,NaN
2019-10-22,0.003812,0.003836,-0.000024
2019-10-23,0.002082,0.003850,-0.001768
2019-10-24,NaN,0.003863,NaN
2019-10-25,0.003100,0.003876,-0.000776
2019-10-26,0.002456,0.003890,-0.001434
2019-10-27,NaN,0.003903,NaN
2019-10-28,NaN,0.003916,NaN
2019-10-29,0.003091,0.003929,-0.000838
2019-10-30,0.002060,0.003943,-0.001883
2019-10-31,0.001410,0.003956,-0.002546
2019-11-01,0.003420,0.003969,-0.000549
2019-11-02,0.003008,0.003982,-0.000974
2019-11-03,0.003558,0.003996,-0.000438
2019-11-04,NaN,0.004009,NaN
2019-11-05,0.003602,0.004022,-0.000420
2019-11-06,NaN,0.004036,NaN
2019-11-07,0.003638,0.004049,-0.000411
2019-11-08,0.001810,0.004062,-0.002252
2019-11-09,NaN,0.004075,NaN
2019-11-10,0.004750,0.004089,0.000661
2019-11-11,NaN,0.004102,NaN
2019-11-12,0.001560,0.004115,-0.002555
2019-11-13,0.001712,0.004128,-0.002416
2019-11-14,NaN,0.004142,NaN
2019-11-15,NaN,0.004155,NaN
2019-11-16,0.003659,0.004158,-0.000499
2019-11-17,NaN,0.004160,NaN
2019-11-18,NaN,0.004163,NaN
2019-11-19,0.004321,0.004166,0.000155
2019-11-20,0.005002,0.004168,0.000834
2019-11-21,0.005494,0.004171,0.001323
2019-11-22,0.004448,0.004174,0.000274
2019-11-23,0.004902,0.004176,0.000726
2019-11-24,NaN,0.004179,NaN
2019-11-25,0.005312,0.004182,0.001130
2019-11-26,0.004934,0.004184,0.000750
2019-11-27,NaN,0.004187,NaN
2019-11-28,0.004422,0.004190,0.000232
2019-11-29,0.004380,0.004192,0.000188
2019-11-30,0.006018,0.004195,0.001823
2019-12-01,0.005128,0.004197,0.000931
2019-12-02,NaN,0.004200,NaN
2019-12-03,0.004912,0.004203,0.000709
2019-12-04,0.003526,0.004205,-0.000679
2019-12-05,NaN,0.004208,NaN
2019-12-06,0.002714,0.004211,-0.001497
2019-12-07,0.003696,0.004213,-0.000517
2019-12-08,0.002610,0.004216,-0.001606
2019-12-09,0.002616,0.004219,-0.001603
2019-12-10,NaN,0.004221,NaN
2019-12-11,NaN,0.004224,NaN
2019-12-12,0.003420,0.004227,-0.000807
2019-12-13,NaN,0.004229,NaN
2019-12-14,0.004376,0.004232,0.000144
2019-12-15,0.002108,0.004235,-0.002127
2019-12-16,NaN,0.004250,NaN
2019-12-17,0.001988,0.004265,-0.002277
2019-12-18,NaN,0.004280,NaN
2019-12-19,NaN,0.004295,NaN
2019-12-20,NaN,0.004310,NaN
2019-12-21,NaN,0.004326,NaN
2019-12-22,NaN,0.004341,NaN
2019-12-23,NaN,0.004356,NaN
2019-12-24,0.006178,0.004371,0.001807
2019-12-25,NaN,0.004386,NaN
2019-12-26,NaN,0.004401,NaN
2019-12-27,0.003416,0.004417,-0.001001
2019-12-28,0.002430,0.004432,-0.002002
2019-12-29,NaN,0.004447,NaN
2019-12-30,0.003735,0.004462,-0.000727
2019-12-31,NaN,0.004477,NaN
2020-01-01,0.003733,0.004492,-0.000759
2020-01-02,NaN,0.004507,NaN
2020-01-03,0.001963,0.004523,-0.002560
2020-01-04,0.003866,0.004538,-0.000672
2020-01-05,0.006102,0.004553,0.001549
2020-01-06,0.004726,0.004568,0.000158
2020-01-07,0.003180,0.004583,-0.001403
2020-01-08,0.002622,0.004598,-0.001976
2020-01-09,NaN,0.004614,NaN
2020-01-10,NaN,0.004629,NaN
2020-01-11,NaN,0.004644,NaN
2020-01-12,NaN,0.004659,NaN
2020-01-13,0.004236,0.004674,-0.000438
2020-01-14,0.005868,0.004689,0.001179
2020-01-15,0.004500,0.004704,-0.000204
2020-01-16,0.002584,0.004694,-0.002110
2020-01-17,NaN,0.004684,NaN
2020-01-18,NaN,0.004673,NaN
2020-01-19,0.004134,0.004663,-0.000529
2020-01-20,0.005028,0.004652,0.000376
2020-01-21,0.006763,0.004642,0.002121
2020-01-22,0.009370,0.004632,0.004738
2020-01-23,0.006164,0.004621,0.001543
2020-01-24,NaN,0.004611,NaN
2020-01-25,0.003268,0.004600,-0.001332
2020-01-26,0.004190,0.004590,-0.000400
2020-01-27,NaN,0.004580,NaN
2020-01-28,0.003238,0.004569,-0.001331
2020-01-29,NaN,0.004559,NaN
2020-01-30,0.003082,0.004548,-0.001466
2020-01-31,NaN,0.004538,NaN
2020-02-01,NaN,0.004528,NaN
2020-02-02,0.005816,0.004517,0.001299
2020-02-03,0.003638,0.004507,-0.000869
2020-02-04,0.003782,0.004496,-0.000714
2020-02-05,0.003646,0.004486,-0.000840
2020-02-06,0.004416,0.004475,-0.000059
2020-02-07,NaN,0.004465,NaN
2020-02-08,NaN,0.004455,NaN
2020-02-09,NaN,0.004444,NaN
2020-02-10,NaN,0.004434,NaN
2020-02-11,0.003213,0.004423,-0.001210
2020-02-12,0.004730,0.004413,0.000317
2020-02-13,0.004558,0.004403,0.000155
2020-02-14,0.004916,0.004392,0.000524
2020-02-15,0.003006,0.004382,-0.001376
2020-02-16,0.006759,0.004367,0.002392
2020-02-17,0.003738,0.004353,-0.000615
2020-02-18,0.005520,0.004338,0.001182
2020-02-19,NaN,0.004323,NaN
2020-02-20,0.002716,0.004309,-0.001593
2020-02-21,0.003520,0.004294,-0.000774
2020-02-22,0.009378,0.004280,0.005098
2020-02-23,0.006018,0.004265,0.001753
2020-02-24,NaN,0.004250,NaN
2020-02-25,0.004495,0.004236,0.000259
2020-02-26,NaN,0.004221,NaN
2020-02-27,NaN,0.004207,NaN
2020-02-28,0.004050,0.004192,-0.000142
2020-02-29,0.005540,0.004177,0.001363
2020-03-01,NaN,0.004163,NaN
2020-03-02,0.002446,0.004148,-0.001702
2020-03-03,0.003906,0.004134,-0.000228
2020-03-04,NaN,0.004119,NaN
2020-03-05,0.003962,0.004104,-0.000142
2020-03-06,NaN,0.004090,NaN
2020-03-07,NaN,0.004075,NaN
2020-03-08,NaN,0.004061,NaN
2020-03-09,NaN,0.004046,NaN
2020-03-10,0.004130,0.004031,0.000099
2020-03-11,0.003060,0.004017,-0.000957
2020-03-12,0.004205,0.004002,0.000203
2020-03-13,0.002206,0.003988,-0.001782
2020-03-14,NaN,0.003973,NaN
2020-03-15,0.002990,0.003958,-0.000968
2020-03-16,0.002866,0.003943,-0.001077
2020-03-17,0.003226,0.003928,-0.000702
2020-03-18,0.002154,0.003913,-0.001759
2020-03-19,0.004429,0.003899,0.000530
2020-03-20,NaN,0.003884,NaN
2020-03-21,NaN,0.003869,NaN
2020-03-22,NaN,0.003854,NaN
2020-03-23,NaN,0.003839,NaN
2020-03-24,0.002602,0.003824,-0.001222
2020-03-25,0.002302,0.003809,-0.001507
2020-03-26,0.003941,0.003794,0.000147
2020-03-27,0.002944,0.003779,-0.000835
2020-03-28,0.003792,0.003765,0.000027
2020-03-29,NaN,0.003750,NaN
2020-03-30,NaN,0.003735,NaN
2020-03-31,NaN,0.003720,NaN
2020-04-01,NaN,0.003705,NaN
2020-04-02,0.003112,0.003690,-0.000578
2020-04-03,NaN,0.003675,NaN
2020-04-04,0.002197,0.003660,-0.001463
2020-04-05,NaN,0.003645,NaN
2020-04-06,NaN,0.003631,NaN
2020-04-07,NaN,0.003616,NaN
2020-04-08,NaN,0.003601,NaN
2020-04-09,0.003126,0.003586,-0.000460
2020-04-10,NaN,0.003571,NaN
2020-04-11,NaN,0.003556,NaN
2020-04-12,NaN,0.003541,NaN
2020-04-13,0.005695,0.003526,0.002169
2020-04-14,NaN,0.003511,NaN
2020-04-15,NaN,0.003502,NaN
2020-04-16,NaN,0.003492,NaN
2020-04-17,NaN,0.003482,NaN
2020-04-18,NaN,0.003473,NaN
2020-04-19,NaN,0.003463,NaN
2020-04-20,NaN,0.003453,NaN
2020-04-21,NaN,0.003444,NaN
2020-04-22,NaN,0.003434,NaN
2020-04-23,NaN,0.003424,NaN
2020-04-24,NaN,0.003415,NaN
2020-04-25,NaN,0.003405,NaN
2020-04-26,NaN,0.003395,NaN
2020-04-27,0.003772,0.003386,0.000386
2020-04-28,0.002950,0.003376,-0.000426
2020-04-29,0.002984,0.003366,-0.000382
2020-04-30,NaN,0.003356,NaN
2020-05-01,NaN,0.003347,NaN
2020-05-02,NaN,0.003337,NaN
2020-05-03,NaN,0.003327,NaN
2020-05-04,0.003518,0.003318,0.000200
2020-05-05,0.002984,0.003308,-0.000324
2020-05-06,NaN,0.003298,NaN
2020-05-07,0.001914,0.003289,-0.001375
2020-05-08,NaN,0.003279,NaN
2020-05-09,NaN,0.003269,NaN
2020-05-10,NaN,0.003260,NaN
2020-05-11,0.003824,0.003250,0.000574
2020-05-12,NaN,0.003240,NaN
2020-05-13,NaN,0.003231,NaN
2020-05-14,NaN,0.003221,NaN
2020-05-15,NaN,0.003223,NaN
2020-05-16,0.002220,0.003224,-0.001004
2020-05-17,NaN,0.003226,NaN
2020-05-18,NaN,0.003227,NaN
2020-05-19,NaN,0.003229,NaN
2020-05-20,0.003430,0.003231,0.000199
2020-05-21,NaN,0.003232,NaN
2020-05-22,NaN,0.003234,NaN
2020-05-23,NaN,0.003236,NaN
2020-05-24,NaN,0.003237,NaN
2020-05-25,NaN,0.003239,NaN
2020-05-26,NaN,0.003240,NaN
2020-05-27,0.003104,0.003242,-0.000138
2020-05-28,0.002967,0.003244,-0.000277
2020-05-29,0.002936,0.003245,-0.000309
2020-05-30,NaN,0.003247,NaN
2020-05-31,NaN,0.003249,NaN
2020-06-01,NaN,0.003250,NaN
2020-06-02,NaN,0.003252,NaN
2020-06-03,NaN,0.003253,NaN
2020-06-04,NaN,0.003255,NaN
2020-06-05,NaN,0.003257,NaN
2020-06-06,NaN,0.003258,NaN
2020-06-07,NaN,0.003260,NaN
2020-06-08,NaN,0.003262,NaN
2020-06-09,NaN,0.003263,NaN
2020-06-10,0.001992,0.003265,-0.001273
2020-06-11,NaN,0.003266,NaN
2020-06-12,NaN,0.003268,NaN
2020-06-13,0.003480,0.003270,0.000210
2020-06-14,0.005212,0.003271,0.001941
2020-06-15,NaN,0.003268,NaN
2020-06-16,NaN,0.003264,NaN
2020-06-17,NaN,0.003261,NaN
2020-06-18,NaN,0.003257,NaN
2020-06-19,NaN,0.003254,NaN
2020-06-20,0.001526,0.003250,-0.001724
2020-06-21,0.003278,0.003247,0.000031
2020-06-22,NaN,0.003243,NaN
2020-06-23,0.004232,0.003240,0.000992
2020-06-24,0.002836,0.003236,-0.000400
2020-06-25,NaN,0.003233,NaN
2020-06-26,NaN,0.003229,NaN
2020-06-27,NaN,0.003226,NaN
2020-06-28,0.003568,0.003222,0.000346
2020-06-29,0.004206,0.003219,0.000987
2020-06-30,0.003982,0.003215,0.000767
2020-07-01,NaN,0.003212,NaN
2020-07-02,0.004462,0.003208,0.001254
2020-07-03,NaN,0.003205,NaN
2020-07-04,NaN,0.003201,NaN
2020-07-05,NaN,0.003198,NaN
2020-07-06,0.003328,0.003194,0.000134
2020-07-07,0.003238,0.003191,0.000047
2020-07-08,0.001780,0.003188,-0.001408
2020-07-09,0.001920,0.003184,-0.001264
2020-07-10,NaN,0.003181,NaN
2020-07-11,NaN,0.003177,NaN
2020-07-12,NaN,0.003174,NaN
2020-07-13,NaN,0.003170,NaN
2020-07-14,0.003078,0.003167,-0.000089
2020-07-15,0.002380,0.003160,-0.000780
2020-07-16,0.004198,0.003154,0.001044
2020-07-17,NaN,0.003148,NaN
2020-07-18,NaN,0.003141,NaN
2020-07-19,0.001807,0.003135,-0.001328
2020-07-20,NaN,0.003129,NaN
2020-07-21,NaN,0.003122,NaN
2020-07-22,NaN,0.003116,NaN
2020-07-23,NaN,0.003110,NaN
2020-07-24,NaN,0.003103,NaN
2020-07-25,NaN,0.003097,NaN
2020-07-26,NaN,0.003091,NaN
2020-07-27,NaN,0.003085,NaN
2020-07-28,NaN,0.003078,NaN
2020-07-29,NaN,0.003072,NaN
2020-07-30,0.004260,0.003066,0.001194
2020-07-31,NaN,0.003059,NaN
2020-08-01,0.003984,0.003053,0.000931
2020-08-02,NaN,0.003047,NaN
2020-08-03,NaN,0.003040,NaN
2020-08-04,NaN,0.003034,NaN
2020-08-05,NaN,0.003028,NaN
2020-08-06,0.002730,0.003021,-0.000291
2020-08-07,NaN,0.003015,NaN
2020-08-08,0.002436,0.003009,-0.000573
2020-08-09,0.003240,0.003002,0.000238
2020-08-10,0.004352,0.002996,0.001356
2020-08-11,0.002576,0.002990,-0.000414
2020-08-12,NaN,0.002984,NaN
2020-08-13,0.001744,0.002977,-0.001233
2020-08-14,NaN,0.002971,NaN
2020-08-15,0.006106,0.002972,0.003134
2020-08-16,0.001956,0.002973,-0.001017
2020-08-17,0.002834,0.002974,-0.000140
2020-08-18,NaN,0.002974,NaN
2020-08-19,0.001820,0.002975,-0.001155
2020-08-20,NaN,0.002976,NaN
2020-08-21,NaN,0.002977,NaN
2020-08-22,NaN,0.002978,NaN
2020-08-23,NaN,0.002979,NaN
2020-08-24,0.007374,0.002980,0.004394
2020-08-25,NaN,0.002980,NaN
2020-08-26,0.002468,0.002981,-0.000513
2020-08-27,NaN,0.002982,NaN
2020-08-28,NaN,0.002983,NaN
2020-08-29,NaN,0.002984,NaN
2020-08-30,NaN,0.002985,NaN
2020-08-31,0.002086,0.002986,-0.000900
2020-09-01,0.003008,0.002986,0.000022
2020-09-02,NaN,0.002987,NaN
2020-09-03,NaN,0.002988,NaN
2020-09-04,NaN,0.002989,NaN
2020-09-05,NaN,0.002990,NaN
2020-09-06,NaN,0.002991,NaN
2020-09-07,NaN,0.002992,NaN
2020-09-08,NaN,0.002992,NaN
2020-09-09,NaN,0.002993,NaN
2020-09-10,NaN,0.002994,NaN
2020-09-11,NaN,0.002995,NaN
2020-09-12,NaN,0.002996,NaN
2020-09-13,NaN,0.002997,NaN
2020-09-14,NaN,0.002998,NaN
2020-09-15,NaN,0.003023,NaN
2020-09-16,NaN,0.003047,NaN
2020-09-17,NaN,0.003072,NaN
2020-09-18,0.004260,0.003097,0.001163
2020-09-19,0.002068,0.003122,-0.001054
2020-09-20,0.003155,0.003147,0.000008
2020-09-21,NaN,0.003172,NaN
2020-09-22,NaN,0.003197,NaN
2020-09-23,NaN,0.003221,NaN
2020-09-24,NaN,0.003246,NaN
2020-09-25,NaN,0.003271,NaN
2020-09-26,NaN,0.003296,NaN
2020-09-27,0.002740,0.003321,-0.000581
2020-09-28,NaN,0.003346,NaN
2020-09-29,0.001478,0.003371,-0.001893
2020-09-30,0.001720,0.003395,-0.001675
2020-10-01,NaN,0.003420,NaN
2020-10-02,NaN,0.003445,NaN
2020-10-03,NaN,0.003470,NaN
2020-10-04,NaN,0.003495,NaN
2020-10-05,NaN,0.003520,NaN
2020-10-06,0.006034,0.003545,0.002489
2020-10-07,NaN,0.003569,NaN
2020-10-08,NaN,0.003594,NaN
2020-10-09,NaN,0.003619,NaN
2020-10-10,0.002381,0.003644,-0.001263
2020-10-11,NaN,0.003669,NaN
2020-10-12,0.001024,0.003694,-0.002670
2020-10-13,0.002994,0.003719,-0.000725
2020-10-14,0.001230,0.003744,-0.002514
2020-10-15,NaN,0.003757,NaN
2020-10-16,NaN,0.003770,NaN
2020-10-17,NaN,0.003783,NaN
2020-10-18,NaN,0.003797,NaN
2020-10-19,0.010208,0.003810,0.006398
2020-10-20,NaN,0.003823,NaN
2020-10-21,NaN,0.003836,NaN
2020-10-22,NaN,0.003850,NaN
2020-10-23,NaN,0.003863,NaN
2020-10-24,NaN,0.003876,NaN
2020-10-25,NaN,0.003890,NaN
2020-10-26,NaN,0.003903,NaN
2020-10-27,NaN,0.003916,NaN
2020-10-28,0.001166,0.003929,-0.002763
2020-10-29,0.002005,0.003943,-0.001938
2020-10-30,NaN,0.003956,NaN
2020-10-31,0.001715,0.003969,-0.002254
2020-11-01,NaN,0.003982,NaN
2020-11-02,NaN,0.003996,NaN
2020-11-03,NaN,0.004009,NaN
2020-11-04,NaN,0.004022,NaN
2020-11-05,NaN,0.004036,NaN
2020-11-06,NaN,0.004049,NaN
2020-11-07,NaN,0.004062,NaN
2020-11-08,NaN,0.004075,NaN
2020-11-09,NaN,0.004089,NaN
2020-11-10,NaN,0.004102,NaN
2020-11-11,NaN,0.004115,NaN
2020-11-12,0.002161,0.004128,-0.001967
2020-11-13,NaN,0.004142,NaN
2020-11-14,0.001518,0.004155,-0.002637
2020-11-15,0.002584,0.004158,-0.001574
2020-11-16,0.001749,0.004160,-0.002411
2020-11-17,NaN,0.004163,NaN
2020-11-18,0.005254,0.004166,0.001088
2020-11-19,NaN,0.004168,NaN
2020-11-20,0.006957,0.004171,0.002786
2020-11-21,0.005102,0.004174,0.000928
2020-11-22,NaN,0.004176,NaN
2020-11-23,0.003800,0.004179,-0.000379
2020-11-24,0.002230,0.004182,-0.001952
2020-11-25,NaN,0.004184,NaN
2020-11-26,NaN,0.004187,NaN
2020-11-27,NaN,0.004190,NaN
2020-11-28,0.003468,0.004192,-0.000724
2020-11-29,0.003706,0.004195,-0.000489
2020-11-30,NaN,0.004197,NaN
2020-12-01,0.004570,0.004200,0.000370
2020-12-02,0.005536,0.004203,0.001333
2020-12-03,NaN,0.004205,NaN
2020-12-04,NaN,0.004208,NaN
2020-12-05,0.004222,0.004211,0.000011
2020-12-06,NaN,0.004213,NaN
2020-12-07,0.004128,0.004216,-0.000088
2020-12-08,0.003406,0.004219,-0.000813
2020-12-09,0.005636,0.004221,0.001415
2020-12-10,0.003126,0.004224,-0.001098
2020-12-11,NaN,0.004227,NaN
2020-12-12,NaN,0.004229,NaN
2020-12-13,0.003320,0.004232,-0.000912
2020-12-14,0.003760,0.004235,-0.000475
2020-12-15,NaN,0.004249,NaN
2020-12-16,NaN,0.004264,NaN
2020-12-17,NaN,0.004279,NaN
2020-12-18,0.006164,0.004293,0.001871
2020-12-19,0.004362,0.004308,0.000054
2020-12-20,NaN,0.004323,NaN
2020-12-21,0.003740,0.004337,-0.000597
2020-12-22,0.004456,0.004352,0.000104
2020-12-23,NaN,0.004367,NaN
2020-12-24,NaN,0.004381,NaN
2020-12-25,0.009508,0.004396,0.005112
2020-12-26,0.004596,0.004411,0.000185
2020-12-27,0.004660,0.004426,0.000234
2020-12-28,0.002882,0.004440,-0.001558
2020-12-29,0.004184,0.004455,-0.000271
2020-12-30,NaN,0.004470,NaN
2020-12-31,NaN,0.004484,NaN
2021-01-01,0.006174,0.004499,0.001675
2021-01-02,NaN,0.004514,NaN
2021-01-03,0.005828,0.004528,0.001300
2021-01-04,NaN,0.004543,NaN
2021-01-05,0.004270,0.004558,-0.000288
2021-01-06,0.004045,0.004572,-0.000527
2021-01-07,0.003506,0.004587,-0.001081
2021-01-08,NaN,0.004602,NaN
2021-01-09,0.003532,0.004616,-0.001084
2021-01-10,0.006272,0.004631,0.001641
2021-01-11,NaN,0.004646,NaN
2021-01-12,NaN,0.004660,NaN
2021-01-13,NaN,0.004675,NaN
2021-01-14,NaN,0.004690,NaN
2021-01-15,NaN,0.004704,NaN
2021-01-16,NaN,0.004694,NaN
2021-01-17,NaN,0.004684,NaN
2021-01-18,NaN,0.004673,NaN
2021-01-19,0.005386,0.004663,0.000723
2021-01-20,NaN,0.004652,NaN
2021-01-21,0.004086,0.004642,-0.000556
2021-01-22,0.003874,0.004632,-0.000758
2021-01-23,0.003226,0.004621,-0.001395
2021-01-24,0.004506,0.004611,-0.000105
2021-01-25,NaN,0.004600,NaN
2021-01-26,0.003420,0.004590,-0.001170
2021-01-27,0.002574,0.004580,-0.002006
2021-01-28,0.002503,0.004569,-0.002066
2021-01-29,0.003144,0.004559,-0.001415
2021-01-30,NaN,0.004548,NaN
2021-01-31,NaN,0.004538,NaN
2021-02-01,NaN,0.004528,NaN
2021-02-02,NaN,0.004517,NaN
2021-02-03,NaN,0.004507,NaN
2021-02-04,0.006996,0.004496,0.002500
2021-02-05,0.003954,0.004486,-0.000532
2021-02-06,NaN,0.004475,NaN
2021-02-07,NaN,0.004465,NaN
2021-02-08,0.003414,0.004455,-0.001041
2021-02-09,0.003996,0.004444,-0.000448
2021-02-10,0.001330,0.004434,-0.003104
2021-02-11,0.002894,0.004423,-0.001529
2021-02-12,NaN,0.004413,NaN
2021-02-13,0.005050,0.004403,0.000647
2021-02-14,0.004324,0.004392,-0.000068
2021-02-15,NaN,0.004382,NaN
2021-02-16,0.008068,0.004367,0.003701
2021-02-17,NaN,0.004353,NaN
2021-02-18,0.007010,0.004338,0.002672
2021-02-19,NaN,0.004323,NaN
2021-02-20,0.006928,0.004309,0.002619
2021-02-21,NaN,0.004294,NaN
2021-02-22,NaN,0.004280,NaN
2021-02-23,0.002806,0.004265,-0.001459
2021-02-24,0.003226,0.004250,-0.001024
2021-02-25,0.004140,0.004236,-0.000096
2021-02-26,0.001104,0.004221,-0.003117
2021-02-27,NaN,0.004207,NaN
2021-02-28,NaN,0.004192,NaN
2021-03-01,0.003130,0.004177,-0.001047
2021-03-02,NaN,0.004163,NaN
2021-03-03,0.003400,0.004148,-0.000748
2021-03-04,NaN,0.004134,NaN
2021-03-05,0.003304,0.004119,-0.000815
2021-03-06,NaN,0.004104,NaN
2021-03-07,0.003346,0.004090,-0.000744
2021-03-08,NaN,0.004075,NaN
2021-03-09,NaN,0.004061,NaN
2021-03-10,NaN,0.004046,NaN
2021-03-11,0.002742,0.004031,-0.001289
2021-03-12,0.003312,0.004017,-0.000705
2021-03-13,0.004587,0.004002,0.000585
2021-03-14,0.001759,0.003988,-0.002229
2021-03-15,0.004716,0.003973,0.000743
2021-03-16,NaN,0.003958,NaN
2021-03-17,NaN,0.003943,NaN
2021-03-18,0.002212,0.003928,-0.001716
2021-03-19,NaN,0.003913,NaN
2021-03-20,0.002424,0.003899,-0.001475
2021-03-21,0.002707,0.003884,-0.001177
2021-03-22,0.002860,0.003869,-0.001009
2021-03-23,0.002722,0.003854,-0.001132
2021-03-24,NaN,0.003839,NaN
2021-03-25,NaN,0.003824,NaN
2021-03-26,NaN,0.003809,NaN
2021-03-27,0.004774,0.003794,0.000980
2021-03-28,0.005780,0.003779,0.002001
2021-03-29,NaN,0.003765,NaN
2021-03-30,0.004320,0.003750,0.000570
2021-03-31,0.005240,0.003735,0.001505
2021-04-01,NaN,0.003720,NaN
2021-04-02,NaN,0.003705,NaN
2021-04-03,0.003464,0.003690,-0.000226
2021-04-04,NaN,0.003675,NaN
2021-04-05,0.003536,0.003660,-0.000124
2021-04-06,0.002940,0.003645,-0.000705
2021-04-07,NaN,0.003631,NaN
2021-04-08,NaN,0.003616,NaN
2021-04-09,NaN,0.003601,NaN
2021-04-10,NaN,0.003586,NaN
2021-04-11,NaN,0.003571,NaN
2021-04-12,0.003224,0.003556,-0.000332
2021-04-13,0.004162,0.003541,0.000621
2021-04-14,0.003566,0.003526,0.000040
2021-04-15,0.001568,0.003511,-0.001943
2021-04-16,0.004592,0.003502,0.001090
2021-04-17,NaN,0.003492,NaN
2021-04-18,NaN,0.003482,NaN
2021-04-19,NaN,0.003473,NaN
2021-04-20,NaN,0.003463,NaN
2021-04-21,NaN,0.003453,NaN
2021-04-22,NaN,0.003444,NaN
2021-04-23,0.002402,0.003434,-0.001032
2021-04-24,0.002532,0.003424,-0.000892
2021-04-25,NaN,0.003415,NaN
2021-04-26,0.002052,0.003405,-0.001353
2021-04-27,NaN,0.003395,NaN
2021-04-28,0.001612,0.003386,-0.001774
2021-04-29,0.004396,0.003376,0.001020
2021-04-30,0.004305,0.003366,0.000939
2021-05-01,NaN,0.003356,NaN
2021-05-02,NaN,0.003347,NaN
2021-05-03,NaN,0.003337,NaN
2021-05-04,NaN,0.003327,NaN
2021-05-05,0.003989,0.003318,0.000671
2021-05-06,0.002554,0.003308,-0.000754
2021-05-07,0.001463,0.003298,-0.001835
2021-05-08,0.002372,0.003289,-0.000917
2021-05-09,0.004326,0.003279,0.001047
2021-05-10,0.003066,0.003269,-0.000203
2021-05-11,NaN,0.003260,NaN
2021-05-12,0.002262,0.003250,-0.000988
2021-05-13,NaN,0.003240,NaN
2021-05-14,NaN,0.003231,NaN
2021-05-15,NaN,0.003221,NaN
2021-05-16,0.004177,0.003223,0.000954
2021-05-17,NaN,0.003224,NaN
2021-05-18,NaN,0.003226,NaN
2021-05-19,NaN,0.003227,NaN
2021-05-20,NaN,0.003229,NaN
2021-05-21,0.004192,0.003231,0.000961
2021-05-22,NaN,0.003232,NaN
2021-05-23,0.004502,0.003234,0.001268
2021-05-24,NaN,0.003236,NaN
2021-05-25,0.002250,0.003237,-0.000987
2021-05-26,0.002693,0.003239,-0.000546
2021-05-27,NaN,0.003240,NaN
2021-05-28,0.003186,0.003242,-0.000056
2021-05-29,NaN,0.003244,NaN
2021-05-30,0.002652,0.003245,-0.000593
2021-05-31,NaN,0.003247,NaN
2021-06-01,0.005162,0.003249,0.001913
2021-06-02,NaN,0.003250,NaN
2021-06-03,NaN,0.003252,NaN
2021-06-04,NaN,0.003253,NaN
2021-06-05,NaN,0.003255,NaN
2021-06-06,NaN,0.003257,NaN
2021-06-07,NaN,0.003258,NaN
2021-06-08,NaN,0.003260,NaN
2021-06-09,0.004358,0.003262,0.001096
2021-06-10,NaN,0.003263,NaN
2021-06-11,NaN,0.003265,NaN
2021-06-12,NaN,0.003266,NaN
2021-06-13,NaN,0.003268,NaN
2021-06-14,NaN,0.003270,NaN
2021-06-15,NaN,0.003271,NaN
2021-06-16,NaN,0.003268,NaN
2021-06-17,NaN,0.003264,NaN
2021-06-18,NaN,0.003261,NaN
2021-06-19,NaN,0.003257,NaN
2021-06-20,NaN,0.003254,NaN
2021-06-21,NaN,0.003250,NaN
2021-06-22,NaN,0.003247,NaN
2021-06-23,0.003970,0.003243,0.000727
2021-06-24,NaN,0.003240,NaN
2021-06-25,NaN,0.003236,NaN
2021-06-26,NaN,0.003233,NaN
2021-06-27,NaN,0.003229,NaN
2021-06-28,NaN,0.003226,NaN
2021-06-29,NaN,0.003222,NaN
2021-06-30,NaN,0.003219,NaN
2021-07-01,NaN,0.003215,NaN
2021-07-02,NaN,0.003212,NaN
2021-07-03,0.004608,0.003208,0.001400
2021-07-04,0.002802,0.003205,-0.000403
2021-07-05,NaN,0.003201,NaN
2021-07-06,NaN,0.003198,NaN
2021-07-07,NaN,0.003194,NaN
2021-07-08,NaN,0.003191,NaN
2021-07-09,NaN,0.003188,NaN
2021-07-10,NaN,0.003184,NaN
2021-07-11,NaN,0.003181,NaN
2021-07-12,NaN,0.003177,NaN
2021-07-13,NaN,0.003174,NaN
2021-07-14,NaN,0.003170,NaN
2021-07-15,NaN,0.003167,NaN
2021-07-16,NaN,0.003160,NaN
2021-07-17,0.002169,0.003154,-0.000985
2021-07-18,0.003740,0.003148,0.000592
2021-07-19,0.006207,0.003141,0.003066
2021-07-20,NaN,0.003135,NaN
2021-07-21,0.004048,0.003129,0.000919
2021-07-22,0.003480,0.003122,0.000358
2021-07-23,NaN,0.003116,NaN
2021-07-24,NaN,0.003110,NaN
2021-07-25,NaN,0.003103,NaN
2021-07-26,NaN,0.003097,NaN
2021-07-27,0.003264,0.003091,0.000173
2021-07-28,NaN,0.003085,NaN
2021-07-29,NaN,0.003078,NaN
2021-07-30,NaN,0.003072,NaN
2021-07-31,0.001752,0.003066,-0.001314
2021-08-01,NaN,0.003059,NaN
2021-08-02,NaN,0.003053,NaN
2021-08-03,NaN,0.003047,NaN
2021-08-04,NaN,0.003040,NaN
2021-08-05,0.003528,0.003034,0.000494
2021-08-06,NaN,0.003028,NaN
2021-08-07,NaN,0.003021,NaN
2021-08-08,NaN,0.003015,NaN
2021-08-09,0.002658,0.003009,-0.000351
2021-08-10,NaN,0.003002,NaN
2021-08-11,0.001854,0.002996,-0.001142
2021-08-12,0.003730,0.002990,0.000740
2021-08-13,NaN,0.002984,NaN
2021-08-14,NaN,0.002977,NaN
2021-08-15,NaN,0.002971,NaN
2021-08-16,0.001472,0.002972,-0.001500
2021-08-17,NaN,0.002973,NaN
2021-08-18,NaN,0.002974,NaN
2021-08-19,0.001662,0.002974,-0.001312
2021-08-20,0.003228,0.002975,0.000253
2021-08-21,0.001030,0.002976,-0.001946
2021-08-22,NaN,0.002977,NaN
2021-08-23,NaN,0.002978,NaN
2021-08-24,NaN,0.002979,NaN
2021-08-25,0.001870,0.002980,-0.001110
2021-08-26,NaN,0.002980,NaN
2021-08-27,NaN,0.002981,NaN
2021-08-28,NaN,0.002982,NaN
2021-08-29,NaN,0.002983,NaN
2021-08-30,NaN,0.002984,NaN
2021-08-31,NaN,0.002985,NaN
2021-09-01,NaN,0.002986,NaN
2021-09-02,NaN,0.002986,NaN
2021-09-03,NaN,0.002987,NaN
2021-09-04,NaN,0.002988,NaN
2021-09-05,NaN,0.002989,NaN
2021-09-06,NaN,0.002990,NaN
2021-09-07,0.002146,0.002991,-0.000845
2021-09-08,NaN,0.002992,NaN
2021-09-09,NaN,0.002992,NaN
2021-09-10,0.003472,0.002993,0.000479
2021-09-11,NaN,0.002994,NaN
2021-09-12,NaN,0.002995,NaN
2021-09-13,NaN,0.002996,NaN
2021-09-14,NaN,0.002997,NaN
2021-09-15,NaN,0.002998,NaN
2021-09-16,NaN,0.003023,NaN
2021-09-17,NaN,0.003047,NaN
2021-09-18,0.003806,0.003072,0.000734
2021-09-19,NaN,0.003097,NaN
2021-09-20,NaN,0.003122,NaN
2021-09-21,NaN,0.003147,NaN
2021-09-22,NaN,0.003172,NaN
2021-09-23,0.004232,0.003197,0.001035
2021-09-24,NaN,0.003221,NaN
2021-09-25,NaN,0.003246,NaN
2021-09-26,NaN,0.003271,NaN
2021-09-27,0.004564,0.003296,0.001268
2021-09-28,0.004340,0.003321,0.001019
2021-09-29,0.002186,0.003346,-0.001160
2021-09-30,0.003824,0.003371,0.000453
2021-10-01,NaN,0.003395,NaN
2021-10-02,NaN,0.003420,NaN
2021-10-03,NaN,0.003445,NaN
2021-10-04,NaN,0.003470,NaN
2021-10-05,0.001698,0.003495,-0.001797
2021-10-06,NaN,0.003520,NaN
2021-10-07,NaN,0.003545,NaN
2021-10-08,NaN,0.003569,NaN
2021-10-09,NaN,0.003594,NaN
2021-10-10,0.002464,0.003619,-0.001155
2021-10-11,0.004257,0.003644,0.000613
2021-10-12,0.005058,0.003669,0.001389
2021-10-13,NaN,0.003694,NaN
2021-10-14,0.006048,0.003719,0.002329
2021-10-15,0.001742,0.003744,-0.002002
2021-10-16,0.003482,0.003757,-0.000275
2021-10-17,0.002532,0.003770,-0.001238
2021-10-18,NaN,0.003783,NaN
2021-10-19,0.002072,0.003797,-0.001725
2021-10-20,0.004088,0.003810,0.000278
2021-10-21,NaN,0.003823,NaN
2021-10-22,NaN,0.003836,NaN
2021-10-23,NaN,0.003850,NaN
2021-10-24,NaN,0.003863,NaN
2021-10-25,NaN,0.003876,NaN
2021-10-26,NaN,0.003890,NaN
2021-10-27,0.004018,0.003903,0.000115
2021-10-28,NaN,0.003916,NaN
2021-10-29,NaN,0.003929,NaN
2021-10-30,NaN,0.003943,NaN
2021-10-31,0.003006,0.003956,-0.000950
2021-11-01,0.003802,0.003969,-0.000167
2021-11-02,NaN,0.003982,NaN
2021-11-03,NaN,0.003996,NaN
2021-11-04,NaN,0.004009,NaN
2021-11-05,NaN,0.004022,NaN
2021-11-06,0.002830,0.004036,-0.001206
2021-11-07,0.004332,0.004049,0.000283
2021-11-08,0.004120,0.004062,0.000058
2021-11-09,NaN,0.004075,NaN
2021-11-10,0.003764,0.004089,-0.000325
2021-11-11,NaN,0.004102,NaN
2021-11-12,NaN,0.004115,NaN
2021-11-13,0.002544,0.004128,-0.001584
2021-11-15,NaN,0.004155,NaN
2021-11-16,NaN,0.004158,NaN
2021-11-17,NaN,0.004160,NaN
2021-11-18,NaN,0.004163,NaN
2021-11-19,0.002849,0.004166,-0.001317
2021-11-20,NaN,0.004168,NaN
2021-11-21,NaN,0.004171,NaN
2021-11-22,NaN,0.004174,NaN
2021-11-23,0.004424,0.004176,0.000248
2021-11-24,0.007086,0.004179,0.002907
2021-11-25,0.001244,0.004182,-0.002938
2021-11-26,0.004190,0.004184,0.000006
2021-11-27,0.001590,0.004187,-0.002597
2021-11-28,0.002828,0.004190,-0.001362
2021-11-29,0.002940,0.004192,-0.001252
2021-11-30,NaN,0.004195,NaN
2021-12-01,0.003182,0.004197,-0.001015
2021-12-02,0.001844,0.004200,-0.002356
2021-12-03,0.003862,0.004203,-0.000341
2021-12-04,NaN,0.004205,NaN
2021-12-05,0.002755,0.004208,-0.001453
2021-12-06,0.002134,0.004211,-0.002077
2021-12-07,0.003578,0.004213,-0.000635
2021-12-08,0.002444,0.004216,-0.001772
2021-12-09,0.002628,0.004219,-0.001591
2021-12-10,0.003964,0.004221,-0.000257
2021-12-11,NaN,0.004224,NaN
2021-12-12,NaN,0.004227,NaN
2021-12-13,0.002838,0.004229,-0.001391
2021-12-14,0.004634,0.004232,0.000402
2021-12-15,NaN,0.004235,NaN
2021-12-16,NaN,0.004250,NaN
2021-12-17,NaN,0.004265,NaN
2021-12-18,NaN,0.004280,NaN
2021-12-19,NaN,0.004295,NaN
2021-12-20,0.001850,0.004310,-0.002460
2021-12-21,NaN,0.004326,NaN
2021-12-22,NaN,0.004341,NaN
2021-12-23,0.003644,0.004356,-0.000712
2021-12-24,0.003700,0.004371,-0.000671
2021-12-25,NaN,0.004386,NaN
2021-12-26,0.003752,0.004401,-0.000649
2021-12-27,NaN,0.004417,NaN
2021-12-28,0.004474,0.004432,0.000042
2021-12-29,NaN,0.004447,NaN
2021-12-30,0.003182,0.004462,-0.001280
2021-12-31,0.002106,0.004477,-0.002371
2022-01-01,0.003528,0.004492,-0.000964
2022-01-02,0.005569,0.004507,0.001062
2022-01-03,NaN,0.004523,NaN
2022-01-04,NaN,0.004538,NaN
2022-01-05,NaN,0.004553,NaN
2022-01-06,0.004162,0.004568,-0.000406
2022-01-07,NaN,0.004583,NaN
2022-01-08,0.001876,0.004598,-0.002722
2022-01-09,NaN,0.004614,NaN
2022-01-10,0.004914,0.004629,0.000285
2022-01-11,0.004270,0.004644,-0.000374
2022-01-12,NaN,0.004659,NaN
2022-01-13,0.003757,0.004674,-0.000917
2022-01-14,NaN,0.004689,NaN
2022-01-15,0.003610,0.004704,-0.001094
2022-01-16,NaN,0.004694,NaN
2022-01-17,0.005052,0.004684,0.000368
2022-01-18,0.004370,0.004673,-0.000303
2022-01-19,0.003012,0.004663,-0.001651
2022-01-20,NaN,0.004652,NaN
2022-01-21,0.002356,0.004642,-0.002286
2022-01-22,NaN,0.004632,NaN
2022-01-23,NaN,0.004621,NaN
2022-01-24,0.003982,0.004611,-0.000629
2022-01-25,NaN,0.004600,NaN
2022-01-26,NaN,0.004590,NaN
2022-01-27,0.004534,0.004580,-0.000046
2022-01-28,NaN,0.004569,NaN
2022-01-29,NaN,0.004559,NaN
2022-01-30,0.008468,0.004548,0.003920
2022-01-31,0.006648,0.004538,0.002110
2022-02-01,NaN,0.004528,NaN
2022-02-02,0.006586,0.004517,0.002069
2022-02-03,0.003900,0.004507,-0.000607
2022-02-04,0.004226,0.004496,-0.000270
2022-02-05,0.005042,0.004486,0.000556
2022-02-06,0.003276,0.004475,-0.001199
2022-02-07,0.004468,0.004465,0.000003
2022-02-08,NaN,0.004455,NaN
2022-02-09,NaN,0.004444,NaN
2022-02-10,NaN,0.004434,NaN
2022-02-11,NaN,0.004423,NaN
2022-02-12,0.001398,0.004413,-0.003015
2022-02-13,NaN,0.004403,NaN
2022-02-14,0.008390,0.004392,0.003998
2022-02-15,NaN,0.004382,NaN
2022-02-16,0.004542,0.004367,0.000175
2022-02-17,0.002405,0.004353,-0.001948
2022-02-18,0.003118,0.004338,-0.001220
2022-02-19,0.004332,0.004323,0.000009
2022-02-20,0.003376,0.004309,-0.000933
2022-02-21,0.006490,0.004294,0.002196
2022-02-22,NaN,0.004280,NaN
2022-02-23,0.006586,0.004265,0.002321
2022-02-24,NaN,0.004250,NaN
2022-02-25,0.003448,0.004236,-0.000788
2022-02-26,NaN,0.004221,NaN
2022-02-27,0.004908,0.004207,0.000701
2022-02-28,0.004624,0.004192,0.000432
2022-03-01,0.002582,0.004177,-0.001595
2022-03-02,NaN,0.004163,NaN
2022-03-03,0.002710,0.004148,-0.001438
2022-03-04,NaN,0.004134,NaN
2022-03-05,0.003764,0.004119,-0.000355
2022-03-06,NaN,0.004104,NaN
2022-03-07,0.003270,0.004090,-0.000820
2022-03-08,NaN,0.004075,NaN
2022-03-09,0.002096,0.004061,-0.001965
2022-03-10,NaN,0.004046,NaN
2022-03-11,NaN,0.004031,NaN
2022-03-12,NaN,0.004017,NaN
2022-03-13,NaN,0.004002,NaN
2022-03-14,0.003118,0.003988,-0.000870
2022-03-15,0.004892,0.003973,0.000919
2022-03-16,0.003086,0.003958,-0.000872
2022-03-17,0.002318,0.003943,-0.001625
2022-03-18,0.002475,0.003928,-0.001453
2022-03-19,NaN,0.003913,NaN
2022-03-20,0.005276,0.003899,0.001377
2022-03-21,NaN,0.003884,NaN
2022-03-22,NaN,0.003869,NaN
2022-03-23,NaN,0.003854,NaN
2022-03-24,0.003428,0.003839,-0.000411
2022-03-25,NaN,0.003824,NaN
2022-03-26,NaN,0.003809,NaN
2022-03-27,NaN,0.003794,NaN
2022-03-28,0.002816,0.003779,-0.000963
2022-03-29,NaN,0.003765,NaN
2022-03-30,NaN,0.003750,NaN
2022-04-17,0.004664,0.003492,0.001172
2022-04-18,0.002368,0.003482,-0.001114
2022-04-19,NaN,0.003473,NaN
2022-04-20,NaN,0.003463,NaN
2022-04-21,NaN,0.003453,NaN
2022-04-22,NaN,0.003444,NaN
2022-04-23,NaN,0.003434,NaN
2022-04-24,0.002820,0.003424,-0.000604
2022-04-25,NaN,0.003415,NaN
2022-04-26,0.003100,0.003405,-0.000305
2022-04-27,NaN,0.003395,NaN
2022-04-28,NaN,0.003386,NaN
2022-04-29,0.001996,0.003376,-0.001380
2022-04-30,NaN,0.003366,NaN
2022-05-01,0.003793,0.003356,0.000437
2022-05-02,NaN,0.003347,NaN
2022-05-03,0.005040,0.003337,0.001703
2022-05-04,NaN,0.003327,NaN
2022-05-05,NaN,0.003318,NaN
2022-05-06,0.002762,0.003308,-0.000546
2022-05-07,NaN,0.003298,NaN
2022-05-08,0.001980,0.003289,-0.001309
2022-05-09,0.003220,0.003279,-0.000059
2022-05-10,0.003166,0.003269,-0.000103
2022-05-11,0.003208,0.003260,-0.000052
2022-05-12,0.004108,0.003250,0.000858
2022-05-13,0.002726,0.003240,-0.000514
2022-05-14,NaN,0.003231,NaN
2022-05-15,0.003004,0.003221,-0.000217
2022-05-16,NaN,0.003223,NaN
2022-05-17,0.003420,0.003224,0.000196
2022-05-18,0.002462,0.003226,-0.000764
2022-05-19,0.003396,0.003227,0.000169
2022-05-20,NaN,0.003229,NaN
2022-05-21,NaN,0.003231,NaN
2022-05-22,NaN,0.003232,NaN
2022-05-23,NaN,0.003234,NaN
2022-05-24,NaN,0.003236,NaN
2022-05-25,NaN,0.003237,NaN
2022-05-26,NaN,0.003239,NaN
2022-05-27,0.002238,0.003240,-0.001002
2022-05-28,NaN,0.003242,NaN
2022-05-29,NaN,0.003244,NaN
2022-05-30,NaN,0.003245,NaN
2022-05-31,NaN,0.003247,NaN
2022-06-01,0.003910,0.003249,0.000661
2022-06-02,NaN,0.003250,NaN
2022-06-03,NaN,0.003252,NaN
2022-06-04,NaN,0.003253,NaN
2022-06-05,0.001632,0.003255,-0.001623
2022-06-06,NaN,0.003257,NaN
2022-06-07,NaN,0.003258,NaN
2022-06-08,NaN,0.003260,NaN
2022-06-09,NaN,0.003262,NaN
2022-06-10,NaN,0.003263,NaN
2022-06-11,0.003804,0.003265,0.000539
2022-06-12,NaN,0.003266,NaN
2022-06-13,NaN,0.003268,NaN
2022-06-14,NaN,0.003270,NaN
2022-06-15,NaN,0.003271,NaN
2022-06-16,0.002478,0.003268,-0.000790
2022-06-17,0.001004,0.003264,-0.002260
2022-06-18,0.004646,0.003261,0.001385
2022-06-19,NaN,0.003257,NaN
2022-06-20,NaN,0.003254,NaN
2022-06-21,NaN,0.003250,NaN
2022-06-22,NaN,0.003247,NaN
2022-06-23,0.003936,0.003243,0.000693
2022-06-24,0.003506,0.003240,0.000266
2022-06-25,0.004416,0.003236,0.001180
2022-06-26,NaN,0.003233,NaN
2022-06-27,NaN,0.003229,NaN
2022-06-28,NaN,0.003226,NaN
2022-06-29,NaN,0.003222,NaN
2022-06-30,NaN,0.003219,NaN
2022-07-01,NaN,0.003215,NaN
2022-07-02,NaN,0.003212,NaN
2022-07-03,0.005238,0.003208,0.002030
2022-07-04,0.005254,0.003205,0.002049
2022-07-05,NaN,0.003201,NaN
2022-07-06,NaN,0.003198,NaN
2022-07-07,NaN,0.003194,NaN
2022-07-08,NaN,0.003191,NaN
2022-07-09,0.002262,0.003188,-0.000926
2022-07-10,0.001404,0.003184,-0.001780
2022-07-11,0.004694,0.003181,0.001513
2022-07-12,NaN,0.003177,NaN
2022-07-13,NaN,0.003174,NaN
2022-07-14,NaN,0.003170,NaN
2022-07-15,NaN,0.003167,NaN
2022-07-16,NaN,0.003160,NaN
2022-07-17,0.002976,0.003154,-0.000178
2022-07-18,0.004170,0.003148,0.001022
2022-07-19,NaN,0.003141,NaN
2022-07-20,0.005762,0.003135,0.002627
2022-07-21,NaN,0.003129,NaN
2022-07-22,NaN,0.003122,NaN
2022-07-23,NaN,0.003116,NaN
2022-07-24,NaN,0.003110,NaN
2022-07-25,NaN,0.003103,NaN
2022-07-26,NaN,0.003097,NaN
2022-07-27,NaN,0.003091,NaN
2022-07-28,NaN,0.003085,NaN
2022-07-29,NaN,0.003078,NaN
2022-07-30,NaN,0.003072,NaN
2022-07-31,NaN,0.003066,NaN
2022-08-01,NaN,0.003059,NaN
2022-08-02,0.001882,0.003053,-0.001171
2022-08-03,0.003814,0.003047,0.000767
2022-08-04,0.004410,0.003040,0.001370
2022-08-05,NaN,0.003034,NaN
2022-08-06,NaN,0.003028,NaN
2022-08-07,NaN,0.003021,NaN
2022-08-08,NaN,0.003015,NaN
2022-08-09,NaN,0.003009,NaN
2022-08-10,NaN,0.003002,NaN
2022-08-11,0.004490,0.002996,0.001494
2022-08-12,NaN,0.002990,NaN
2022-08-13,NaN,0.002984,NaN
2022-08-14,NaN,0.002977,NaN
2022-08-15,NaN,0.002971,NaN
2022-08-16,NaN,0.002972,NaN
2022-08-17,0.004434,0.002973,0.001461
2022-08-18,NaN,0.002974,NaN
2022-08-19,0.006169,0.002974,0.003195
2022-08-20,NaN,0.002975,NaN
2022-08-21,NaN,0.002976,NaN
2022-08-22,NaN,0.002977,NaN
2022-08-23,NaN,0.002978,NaN
2022-08-24,0.003306,0.002979,0.000327
2022-08-25,0.004792,0.002980,0.001812
2022-08-26,0.005492,0.002980,0.002512
2022-08-27,NaN,0.002981,NaN
2022-08-28,NaN,0.002982,NaN
2022-08-29,NaN,0.002983,NaN
2022-08-30,NaN,0.002984,NaN
2022-08-31,0.005286,0.002985,0.002301
2022-09-01,0.006222,0.002986,0.003236
2022-09-02,0.006296,0.002986,0.003310
2022-09-03,NaN,0.002987,NaN
2022-09-04,0.005888,0.002988,0.002900
2022-09-05,NaN,0.002989,NaN
2022-09-06,NaN,0.002990,NaN
2022-09-07,0.007216,0.002991,0.004225
2022-09-08,NaN,0.002992,NaN
2022-09-09,NaN,0.002992,NaN
2022-09-10,0.001866,0.002993,-0.001127
2022-09-11,0.004362,0.002994,0.001368
2022-09-12,0.005300,0.002995,0.002305
2022-09-13,0.004934,0.002996,0.001938
2022-09-14,NaN,0.002997,NaN
2022-09-15,NaN,0.002998,NaN
2022-09-16,NaN,0.003023,NaN
2022-09-17,NaN,0.003047,NaN
2022-09-18,NaN,0.003072,NaN
2022-09-19,NaN,0.003097,NaN
2022-09-20,0.004045,0.003122,0.000923
2022-09-21,0.004434,0.003147,0.001287
2022-09-22,NaN,0.003172,NaN
2022-09-23,0.004318,0.003197,0.001121
2022-09-24,0.005810,0.003221,0.002589
2022-09-25,0.003520,0.003246,0.000274
2022-09-26,NaN,0.003271,NaN
2022-09-27,NaN,0.003296,NaN
2022-09-28,NaN,0.003321,NaN
2022-09-29,NaN,0.003346,NaN
2022-09-30,0.006888,0.003371,0.003517
2022-10-01,NaN,0.003395,NaN
2022-10-02,0.007092,0.003420,0.003672
2022-10-03,0.005733,0.003445,0.002288
2022-10-04,0.005573,0.003470,0.002103
2022-10-05,NaN,0.003495,NaN
2022-10-06,0.005742,0.003520,0.002222
2022-10-07,0.005060,0.003545,0.001515
2022-10-08,NaN,0.003569,NaN
2022-10-09,NaN,0.003594,NaN
2022-10-10,0.008512,0.003619,0.004893
2022-10-11,0.006356,0.003644,0.002712
2022-10-12,NaN,0.003669,NaN
2022-10-13,NaN,0.003694,NaN
2022-10-14,0.004156,0.003719,0.000437
2022-10-15,0.005150,0.003744,0.001406
2022-10-16,NaN,0.003757,NaN
2022-10-17,NaN,0.003770,NaN
2022-10-18,NaN,0.003783,NaN
2022-10-19,NaN,0.003797,NaN
2022-10-20,0.005834,0.003810,0.002024
2022-10-21,NaN,0.003823,NaN
2022-10-22,NaN,0.003836,NaN
2022-10-23,0.005186,0.003850,0.001336
2022-10-24,0.006128,0.003863,0.002265
2022-10-25,0.003836,0.003876,-0.000040
2022-10-26,0.002914,0.003890,-0.000976
2022-10-27,0.002256,0.003903,-0.001647
2022-10-28,NaN,0.003916,NaN
2022-10-29,0.004110,0.003929,0.000181
2022-10-30,0.006274,0.003943,0.002331
2022-10-31,0.005648,0.003956,0.001692
2022-11-01,0.002252,0.003969,-0.001717
2022-11-02,NaN,0.003982,NaN
2022-11-03,0.004732,0.003996,0.000736
2022-11-04,NaN,0.004009,NaN
2022-11-05,0.005798,0.004022,0.001776
2022-11-06,0.009252,0.004036,0.005216
2022-11-07,0.007222,0.004049,0.003173
2022-11-08,NaN,0.004062,NaN
2022-11-09,NaN,0.004075,NaN
2022-11-10,0.009810,0.004089,0.005721
2022-11-11,NaN,0.004102,NaN
2022-11-12,0.005707,0.004115,0.001592
2022-11-13,0.006354,0.004128,0.002226
2022-11-14,0.004236,0.004142,0.000094
2022-11-15,0.004498,0.004155,0.000343
2022-11-16,0.002920,0.004158,-0.001238
2022-11-17,NaN,0.004160,NaN
2022-11-18,NaN,0.004163,NaN
2022-11-19,0.001484,0.004166,-0.002682
2022-11-20,NaN,0.004168,NaN
2022-11-21,NaN,0.004171,NaN
2022-11-22,0.003664,0.004174,-0.000510
2022-11-23,NaN,0.004176,NaN
2022-11-24,NaN,0.004179,NaN
2022-11-25,0.004198,0.004182,0.000016
2022-11-26,0.005422,0.004184,0.001238
2022-11-27,NaN,0.004187,NaN
2022-11-28,0.003081,0.004190,-0.001109
2022-11-29,NaN,0.004192,NaN
2022-11-30,0.002630,0.004195,-0.001565
2022-12-01,NaN,0.004197,NaN
2022-12-02,NaN,0.004200,NaN
2022-12-03,0.006170,0.004203,0.001967
2022-12-04,NaN,0.004205,NaN
2022-12-05,0.004630,0.004208,0.000422
2022-12-06,0.003434,0.004211,-0.000777
2022-12-07,0.004930,0.004213,0.000717
2022-12-08,0.003832,0.004216,-0.000384
2022-12-09,0.004292,0.004219,0.000073
2022-12-10,0.006168,0.004221,0.001947
2022-12-11,0.004316,0.004224,0.000092
2022-12-12,0.004830,0.004227,0.000603
2022-12-13,0.003366,0.004229,-0.000863
2022-12-14,NaN,0.004232,NaN
2022-12-15,0.000954,0.004235,-0.003281
2022-12-16,NaN,0.004250,NaN
2022-12-17,NaN,0.004265,NaN
2022-12-18,NaN,0.004280,NaN
2022-12-19,0.006784,0.004295,0.002489
2022-12-20,NaN,0.004310,NaN
2022-12-21,0.005180,0.004326,0.000854
2022-12-22,NaN,0.004341,NaN
2022-12-23,NaN,0.004356,NaN
2022-12-24,NaN,0.004371,NaN
2022-12-25,NaN,0.004386,NaN
2022-12-26,NaN,0.004401,NaN
2022-12-27,NaN,0.004417,NaN
2022-12-28,0.003830,0.004432,-0.000602
2022-12-29,NaN,0.004447,NaN
2022-12-30,0.002262,0.004462,-0.002200
2022-12-31,0.004078,0.004477,-0.000399
2023-01-01,0.002316,0.004492,-0.002176
2023-01-02,0.002930,0.004507,-0.001577
2023-01-03,0.000882,0.004523,-0.003641
2023-01-04,0.005115,0.004538,0.000577
2023-01-05,0.003094,0.004553,-0.001459
2023-01-06,0.004304,0.004568,-0.000264
2023-01-07,0.004282,0.004583,-0.000301
2023-01-08,0.001722,0.004598,-0.002876
2023-01-09,0.003558,0.004614,-0.001056
2023-01-10,0.003098,0.004629,-0.001531
2023-01-11,0.002204,0.004644,-0.002440
2023-01-12,0.003606,0.004659,-0.001053
2023-01-13,0.006118,0.004674,0.001444
2023-01-14,0.005248,0.004689,0.000559
2023-01-15,0.004520,0.004704,-0.000184
2023-01-16,0.003568,0.004694,-0.001126
2023-01-17,NaN,0.004684,NaN
2023-01-18,0.004694,0.004673,0.000021
2023-01-19,0.003118,0.004663,-0.001545
2023-01-20,0.007548,0.004652,0.002896
2023-01-21,NaN,0.004642,NaN
2023-01-22,0.005422,0.004632,0.000790
2023-01-23,0.005434,0.004621,0.000813
2023-01-24,NaN,0.004611,NaN
2023-01-25,0.005851,0.004600,0.001251
2023-01-26,NaN,0.004590,NaN
2023-01-27,NaN,0.004580,NaN
2023-01-28,0.003414,0.004569,-0.001155
2023-01-29,NaN,0.004559,NaN
2023-01-30,0.003684,0.004548,-0.000864
2023-01-31,0.001492,0.004538,-0.003046
2023-02-01,0.003594,0.004528,-0.000934
2023-02-02,NaN,0.004517,NaN
2023-02-03,0.004920,0.004507,0.000413
2023-02-04,NaN,0.004496,NaN
2023-02-05,0.006992,0.004486,0.002506
2023-02-06,0.002012,0.004475,-0.002463
2023-02-07,0.001834,0.004465,-0.002631
2023-02-08,0.006075,0.004455,0.001620
2023-02-09,NaN,0.004444,NaN
2023-02-10,0.005406,0.004434,0.000972
2023-02-11,NaN,0.004423,NaN
2023-02-12,NaN,0.004413,NaN
2023-02-13,0.004434,0.004403,0.000031
2023-02-14,0.002230,0.004392,-0.002162
2023-02-15,0.004374,0.004382,-0.000008
2023-02-16,0.002766,0.004367,-0.001601
2023-02-17,NaN,0.004353,NaN
2023-02-18,0.002342,0.004338,-0.001996
2023-02-19,0.005930,0.004323,0.001607
2023-02-20,0.002016,0.004309,-0.002293
2023-02-21,0.003992,0.004294,-0.000302
2023-02-22,0.005556,0.004280,0.001276
2023-02-23,NaN,0.004265,NaN
2023-02-24,0.003985,0.004250,-0.000265
2023-02-25,0.002926,0.004236,-0.001310
2023-02-26,0.004380,0.004221,0.000159
2023-02-27,0.003924,0.004207,-0.000283
2023-02-28,0.003490,0.004192,-0.000702
2023-03-01,0.004582,0.004177,0.000405
2023-03-02,0.002816,0.004163,-0.001347
2023-03-03,0.004034,0.004148,-0.000114
2023-03-04,0.001714,0.004134,-0.002420
2023-03-05,0.003094,0.004119,-0.001025
2023-03-06,0.002392,0.004104,-0.001712
2023-03-07,0.002754,0.004090,-0.001336
2023-03-08,NaN,0.004075,NaN
2023-03-09,NaN,0.004061,NaN
2023-03-10,0.002528,0.004046,-0.001518
2023-03-11,0.002868,0.004031,-0.001163
2023-03-12,0.002128,0.004017,-0.001889
2023-03-13,0.002682,0.004002,-0.001320
2023-03-14,NaN,0.003988,NaN
2023-03-15,NaN,0.003973,NaN
2023-03-16,NaN,0.003958,NaN
2023-03-17,0.002162,0.003943,-0.001781
2023-03-18,NaN,0.003928,NaN
2023-03-19,NaN,0.003913,NaN
2023-03-20,0.002838,0.003899,-0.001061
2023-03-21,NaN,0.003884,NaN
2023-03-22,0.002976,0.003869,-0.000893
2023-03-23,0.001534,0.003854,-0.002320
2023-03-24,0.002714,0.003839,-0.001125
2023-03-25,NaN,0.003824,NaN
2023-03-26,NaN,0.003809,NaN
2023-03-27,NaN,0.003794,NaN
2023-03-28,0.003578,0.003779,-0.000201
2023-03-29,0.001576,0.003765,-0.002189
2023-03-30,NaN,0.003750,NaN
2023-03-31,NaN,0.003735,NaN
2023-04-01,NaN,0.003720,NaN
2023-04-02,NaN,0.003705,NaN
2023-04-03,0.003722,0.003690,0.000032
2023-04-04,NaN,0.003675,NaN
2023-04-05,0.005822,0.003660,0.002162
2023-04-06,NaN,0.003645,NaN
2023-04-07,0.004924,0.003631,0.001293
2023-04-08,NaN,0.003616,NaN
2023-04-09,NaN,0.003601,NaN
2023-04-10,NaN,0.003586,NaN
2023-04-11,NaN,0.003571,NaN
2023-04-12,NaN,0.003556,NaN
2023-04-13,NaN,0.003541,NaN
2023-04-14,0.003167,0.003526,-0.000359
2023-04-15,NaN,0.003511,NaN
2023-04-16,NaN,0.003502,NaN
2023-04-17,NaN,0.003492,NaN
2023-04-18,NaN,0.003482,NaN
2023-04-19,0.004586,0.003473,0.001113
2023-04-20,NaN,0.003463,NaN
2023-04-21,0.004906,0.003453,0.001453
2023-04-22,NaN,0.003444,NaN
2023-04-23,NaN,0.003434,NaN
2023-04-24,NaN,0.003424,NaN
2023-04-25,NaN,0.003415,NaN
2023-04-26,NaN,0.003405,NaN
2023-04-27,NaN,0.003395,NaN
2023-04-28,0.004394,0.003386,0.001008
2023-04-29,NaN,0.003376,NaN
2023-04-30,NaN,0.003366,NaN
2023-05-01,0.003676,0.003356,0.000320
2023-05-02,0.003262,0.003347,-0.000085
2023-05-03,0.003546,0.003337,0.000209
2023-05-04,0.002922,0.003327,-0.000405
2023-05-05,0.002146,0.003318,-0.001172
2023-05-06,NaN,0.003308,NaN
2023-05-07,NaN,0.003298,NaN
2023-05-08,0.002386,0.003289,-0.000903
2023-05-09,NaN,0.003279,NaN
2023-05-10,0.004458,0.003269,0.001189
2023-05-11,NaN,0.003260,NaN
2023-05-12,0.004628,0.003250,0.001378
2023-05-13,NaN,0.003240,NaN
2023-05-14,NaN,0.003231,NaN
2023-05-15,NaN,0.003221,NaN
2023-05-16,NaN,0.003223,NaN
2023-05-17,0.003638,0.003224,0.000414
2023-05-18,0.002382,0.003226,-0.000844
2023-05-19,0.003104,0.003227,-0.000123
2023-05-20,NaN,0.003229,NaN
2023-05-21,NaN,0.003231,NaN
2023-05-22,0.001926,0.003232,-0.001306
2023-05-23,NaN,0.003234,NaN
2023-05-24,NaN,0.003236,NaN
2023-05-25,NaN,0.003237,NaN
2023-05-26,0.005805,0.003239,0.002566
2023-05-27,0.002926,0.003240,-0.000314
2023-05-28,NaN,0.003242,NaN
2023-05-29,NaN,0.003244,NaN
2023-05-30,0.002930,0.003245,-0.000315
2023-05-31,NaN,0.003247,NaN
2023-06-01,NaN,0.003249,NaN
2023-06-02,0.002110,0.003250,-0.001140
2023-06-03,NaN,0.003252,NaN
2023-06-04,NaN,0.003253,NaN
2023-06-05,0.003322,0.003255,0.000067
2023-06-06,NaN,0.003257,NaN
2023-06-07,NaN,0.003258,NaN
2023-06-08,NaN,0.003260,NaN
2023-06-09,0.002444,0.003262,-0.000818
2023-06-10,0.001378,0.003263,-0.001885
2023-06-11,NaN,0.003265,NaN
2023-06-12,NaN,0.003266,NaN
2023-06-13,NaN,0.003268,NaN
2023-06-14,0.005833,0.003270,0.002563
2023-06-15,0.001220,0.003271,-0.002051
2023-06-16,NaN,0.003268,NaN
2023-06-17,NaN,0.003264,NaN
2023-06-18,NaN,0.003261,NaN
2023-06-19,NaN,0.003257,NaN
2023-06-20,NaN,0.003254,NaN
2023-06-21,0.004214,0.003250,0.000964
2023-06-22,NaN,0.003247,NaN
2023-06-23,NaN,0.003243,NaN
2023-06-24,NaN,0.003240,NaN
2023-06-25,NaN,0.003236,NaN
2023-06-26,NaN,0.003233,NaN
2023-06-27,0.003271,0.003229,0.000042
2023-06-28,NaN,0.003226,NaN
2023-06-29,0.000908,0.003222,-0.002314
2023-06-30,NaN,0.003219,NaN
2023-07-01,NaN,0.003215,NaN
2023-07-02,NaN,0.003212,NaN
2023-07-03,NaN,0.003208,NaN
2023-07-04,0.003110,0.003205,-0.000095
2023-07-05,NaN,0.003201,NaN
2023-07-06,0.000920,0.003198,-0.002278
2023-07-07,NaN,0.003194,NaN
2023-07-08,NaN,0.003191,NaN
2023-07-09,NaN,0.003188,NaN
2023-07-10,0.008020,0.003184,0.004836
2023-07-11,0.001263,0.003181,-0.001918
2023-07-12,0.003802,0.003177,0.000625
2023-07-13,NaN,0.003174,NaN
2023-07-14,NaN,0.003170,NaN
2023-07-15,NaN,0.003167,NaN
2023-07-16,NaN,0.003160,NaN
2023-07-17,NaN,0.003154,NaN
2023-07-18,NaN,0.003148,NaN
2023-07-19,NaN,0.003141,NaN
2023-07-20,NaN,0.003135,NaN
2023-07-21,NaN,0.003129,NaN
2023-07-22,NaN,0.003122,NaN
2023-07-23,NaN,0.003116,NaN
2023-07-24,NaN,0.003110,NaN
2023-07-25,NaN,0.003103,NaN
2023-07-26,NaN,0.003097,NaN
2023-07-27,NaN,0.003091,NaN
2023-07-28,NaN,0.003085,NaN
2023-07-29,NaN,0.003078,NaN
2023-07-30,NaN,0.003072,NaN
2023-07-31,0.002958,0.003066,-0.000108
2023-08-01,NaN,0.003059,NaN
2023-08-02,NaN,0.003053,NaN
2023-08-03,NaN,0.003047,NaN
2023-08-04,NaN,0.003040,NaN
2023-08-05,NaN,0.003034,NaN
2023-08-06,0.002736,0.003028,-0.000292
2023-08-07,0.003790,0.003021,0.000769
2023-08-08,NaN,0.003015,NaN
2023-08-09,0.003120,0.003009,0.000111
2023-08-10,NaN,0.003002,NaN
2023-08-11,NaN,0.002996,NaN
2023-08-12,0.002427,0.002990,-0.000563
2023-08-13,NaN,0.002984,NaN
2023-08-14,0.003870,0.002977,0.000893
2023-08-15,NaN,0.002971,NaN
2023-08-16,NaN,0.002972,NaN
2023-08-17,NaN,0.002973,NaN
2023-08-18,NaN,0.002974,NaN
2023-08-19,NaN,0.002974,NaN
2023-08-20,NaN,0.002975,NaN
2023-08-21,0.007926,0.002976,0.004950
2023-08-22,NaN,0.002977,NaN
2023-08-23,NaN,0.002978,NaN
2023-08-24,NaN,0.002979,NaN
2023-08-25,NaN,0.002980,NaN
2023-08-26,0.004846,0.002980,0.001866
2023-08-27,0.001938,0.002981,-0.001043
2023-08-28,NaN,0.002982,NaN
2023-08-29,NaN,0.002983,NaN
2023-08-30,NaN,0.002984,NaN
2023-08-31,0.001580,0.002985,-0.001405
2023-09-01,NaN,0.002986,NaN
2023-09-02,NaN,0.002986,NaN
2023-09-03,NaN,0.002987,NaN
2023-09-04,0.008920,0.002988,0.005932
2023-09-05,0.003674,0.002989,0.000685
2023-09-06,NaN,0.002990,NaN
2023-09-07,0.003014,0.002991,0.000023
2023-09-08,NaN,0.002992,NaN
2023-09-09,0.003412,0.002992,0.000420
2023-09-10,0.002272,0.002993,-0.000721
2023-09-11,0.003706,0.002994,0.000712
2023-09-12,NaN,0.002995,NaN
2023-09-13,NaN,0.002996,NaN
2023-09-14,0.002122,0.002997,-0.000875
2023-09-15,0.002292,0.002998,-0.000706
2023-09-16,0.000916,0.003023,-0.002107
2023-09-17,NaN,0.003047,NaN
2023-09-18,0.003290,0.003072,0.000218
2023-09-19,NaN,0.003097,NaN
2023-09-20,NaN,0.003122,NaN
2023-09-21,0.003070,0.003147,-0.000077
2023-09-22,NaN,0.003172,NaN
2023-09-23,NaN,0.003197,NaN
2023-09-24,0.002092,0.003221,-0.001129
